"date","confirm","region","source"
2020-03-26,3,"Atsinanana","IPM-data"
2020-03-27,2,"Atsinanana","IPM-data"
2020-03-28,0,"Atsinanana","IPM-data"
2020-03-29,0,"Atsinanana","IPM-data"
2020-03-30,1,"Atsinanana","IPM-data"
2020-03-31,0,"Atsinanana","IPM-data"
2020-04-01,0,"Atsinanana","IPM-data"
2020-04-02,0,"Atsinanana","IPM-data"
2020-04-03,2,"Atsinanana","IPM-data"
2020-04-04,1,"Atsinanana","IPM-data"
2020-04-05,1,"Atsinanana","IPM-data"
2020-04-06,2,"Atsinanana","IPM-data"
2020-04-07,1,"Atsinanana","IPM-data"
2020-04-08,3,"Atsinanana","IPM-data"
2020-04-09,0,"Atsinanana","IPM-data"
2020-04-10,1,"Atsinanana","IPM-data"
2020-04-11,0,"Atsinanana","IPM-data"
2020-04-12,2,"Atsinanana","IPM-data"
2020-04-13,0,"Atsinanana","IPM-data"
2020-04-14,2,"Atsinanana","IPM-data"
2020-04-15,0,"Atsinanana","IPM-data"
2020-04-16,1,"Atsinanana","IPM-data"
2020-04-17,0,"Atsinanana","IPM-data"
2020-04-18,0,"Atsinanana","IPM-data"
2020-04-19,0,"Atsinanana","IPM-data"
2020-04-20,0,"Atsinanana","IPM-data"
2020-04-21,0,"Atsinanana","IPM-data"
2020-04-22,0,"Atsinanana","IPM-data"
2020-04-23,2,"Atsinanana","IPM-data"
2020-04-24,0,"Atsinanana","IPM-data"
2020-04-25,0,"Atsinanana","IPM-data"
2020-04-26,0,"Atsinanana","IPM-data"
2020-04-27,0,"Atsinanana","IPM-data"
2020-04-28,2,"Atsinanana","IPM-data"
2020-04-29,0,"Atsinanana","IPM-data"
2020-04-30,8,"Atsinanana","IPM-data"
2020-05-01,2,"Atsinanana","IPM-data"
2020-05-02,4,"Atsinanana","IPM-data"
2020-05-03,0,"Atsinanana","IPM-data"
2020-05-04,18,"Atsinanana","IPM-data"
2020-05-05,2,"Atsinanana","IPM-data"
2020-05-06,68,"Atsinanana","IPM-data"
2020-05-07,20,"Atsinanana","IPM-data"
2020-05-08,12,"Atsinanana","IPM-data"
2020-05-09,7,"Atsinanana","IPM-data"
2020-05-10,2,"Atsinanana","IPM-data"
2020-05-11,23,"Atsinanana","IPM-data"
2020-05-12,12,"Atsinanana","IPM-data"
2020-05-13,23,"Atsinanana","IPM-data"
2020-05-14,22,"Atsinanana","IPM-data"
2020-05-15,40,"Atsinanana","IPM-data"
2020-05-16,20,"Atsinanana","IPM-data"
2020-05-17,4,"Atsinanana","IPM-data"
2020-05-18,23,"Atsinanana","IPM-data"
2020-05-19,16,"Atsinanana","IPM-data"
2020-05-20,25,"Atsinanana","IPM-data"
2020-05-21,9,"Atsinanana","IPM-data"
2020-05-22,9,"Atsinanana","IPM-data"
2020-05-23,1,"Atsinanana","IPM-data"
2020-05-24,14,"Atsinanana","IPM-data"
2020-05-25,7,"Atsinanana","IPM-data"
2020-05-26,22,"Atsinanana","IPM-data"
2020-05-27,25,"Atsinanana","IPM-data"
2020-05-28,13,"Atsinanana","IPM-data"
2020-05-29,30,"Atsinanana","IPM-data"
2020-05-30,18,"Atsinanana","IPM-data"
2020-05-31,10,"Atsinanana","IPM-data"
2020-06-01,24,"Atsinanana","IPM-data"
2020-06-02,57,"Atsinanana","IPM-data"
2020-06-03,23,"Atsinanana","IPM-data"
2020-06-04,12,"Atsinanana","IPM-data"
2020-06-05,6,"Atsinanana","IPM-data"
2020-06-06,9,"Atsinanana","IPM-data"
2020-06-07,3,"Atsinanana","IPM-data"
2020-06-08,4,"Atsinanana","IPM-data"
2020-06-09,16,"Atsinanana","IPM-data"
2020-06-10,8,"Atsinanana","IPM-data"
2020-06-11,3,"Atsinanana","IPM-data"
2020-06-12,4,"Atsinanana","IPM-data"
2020-06-13,6,"Atsinanana","IPM-data"
2020-06-14,3,"Atsinanana","IPM-data"
2020-06-15,2,"Atsinanana","IPM-data"
2020-06-16,1,"Atsinanana","IPM-data"
2020-06-17,3,"Atsinanana","IPM-data"
2020-06-18,1,"Atsinanana","IPM-data"
2020-06-19,5,"Atsinanana","IPM-data"
2020-06-20,1,"Atsinanana","IPM-data"
2020-06-21,1,"Atsinanana","IPM-data"
2020-06-22,2,"Atsinanana","IPM-data"
2020-06-23,0,"Atsinanana","IPM-data"
2020-06-24,1,"Atsinanana","IPM-data"
2020-06-25,0,"Atsinanana","IPM-data"
2020-06-26,0,"Atsinanana","IPM-data"
2020-06-27,0,"Atsinanana","IPM-data"
2020-06-28,0,"Atsinanana","IPM-data"
2020-06-29,1,"Atsinanana","IPM-data"
2020-06-30,0,"Atsinanana","IPM-data"
2020-07-01,3,"Atsinanana","IPM-data"
2020-07-02,1,"Atsinanana","IPM-data"
2020-07-03,1,"Atsinanana","IPM-data"
2020-07-04,1,"Atsinanana","IPM-data"
2020-07-05,1,"Atsinanana","IPM-data"
2020-07-06,2,"Atsinanana","IPM-data"
2020-07-07,0,"Atsinanana","IPM-data"
2020-07-08,0,"Atsinanana","IPM-data"
2020-07-09,2,"Atsinanana","IPM-data"
2020-07-10,0,"Atsinanana","IPM-data"
2020-07-11,0,"Atsinanana","IPM-data"
2020-07-12,0,"Atsinanana","IPM-data"
2020-07-13,6,"Atsinanana","IPM-data"
2020-07-14,2,"Atsinanana","IPM-data"
2020-07-15,3,"Atsinanana","IPM-data"
2020-07-16,2,"Atsinanana","IPM-data"
2020-07-17,2,"Atsinanana","IPM-data"
2020-07-18,0,"Atsinanana","IPM-data"
2020-07-19,0,"Atsinanana","IPM-data"
2020-07-20,0,"Atsinanana","IPM-data"
2020-07-21,0,"Atsinanana","IPM-data"
2020-07-22,0,"Atsinanana","IPM-data"
2020-07-23,0,"Atsinanana","IPM-data"
2020-07-24,0,"Atsinanana","IPM-data"
2020-07-25,0,"Atsinanana","IPM-data"
2020-07-26,0,"Atsinanana","IPM-data"
2020-07-27,0,"Atsinanana","IPM-data"
2020-07-28,1,"Atsinanana","IPM-data"
2020-07-29,0,"Atsinanana","IPM-data"
2020-07-30,0,"Atsinanana","IPM-data"
2020-07-31,0,"Atsinanana","IPM-data"
2020-08-01,0,"Atsinanana","IPM-data"
2020-08-02,0,"Atsinanana","IPM-data"
2020-08-03,0,"Atsinanana","IPM-data"
2020-08-04,0,"Atsinanana","IPM-data"
2020-03-19,2,"Analamanga","IPM-data"
2020-03-20,13,"Analamanga","IPM-data"
2020-03-21,0,"Analamanga","IPM-data"
2020-03-22,2,"Analamanga","IPM-data"
2020-03-23,0,"Analamanga","IPM-data"
2020-03-24,4,"Analamanga","IPM-data"
2020-03-25,3,"Analamanga","IPM-data"
2020-03-26,10,"Analamanga","IPM-data"
2020-03-27,0,"Analamanga","IPM-data"
2020-03-28,3,"Analamanga","IPM-data"
2020-03-29,0,"Analamanga","IPM-data"
2020-03-30,1,"Analamanga","IPM-data"
2020-03-31,3,"Analamanga","IPM-data"
2020-04-01,3,"Analamanga","IPM-data"
2020-04-02,0,"Analamanga","IPM-data"
2020-04-03,0,"Analamanga","IPM-data"
2020-04-04,7,"Analamanga","IPM-data"
2020-04-05,3,"Analamanga","IPM-data"
2020-04-06,2,"Analamanga","IPM-data"
2020-04-07,1,"Analamanga","IPM-data"
2020-04-08,1,"Analamanga","IPM-data"
2020-04-09,2,"Analamanga","IPM-data"
2020-04-10,0,"Analamanga","IPM-data"
2020-04-11,1,"Analamanga","IPM-data"
2020-04-12,2,"Analamanga","IPM-data"
2020-04-13,3,"Analamanga","IPM-data"
2020-04-14,2,"Analamanga","IPM-data"
2020-04-15,2,"Analamanga","IPM-data"
2020-04-16,1,"Analamanga","IPM-data"
2020-04-17,1,"Analamanga","IPM-data"
2020-04-18,0,"Analamanga","IPM-data"
2020-04-19,0,"Analamanga","IPM-data"
2020-04-20,0,"Analamanga","IPM-data"
2020-04-21,0,"Analamanga","IPM-data"
2020-04-22,1,"Analamanga","IPM-data"
2020-04-23,0,"Analamanga","IPM-data"
2020-04-24,3,"Analamanga","IPM-data"
2020-04-25,0,"Analamanga","IPM-data"
2020-04-26,0,"Analamanga","IPM-data"
2020-04-27,0,"Analamanga","IPM-data"
2020-04-28,0,"Analamanga","IPM-data"
2020-04-29,2,"Analamanga","IPM-data"
2020-04-30,0,"Analamanga","IPM-data"
2020-05-01,6,"Analamanga","IPM-data"
2020-05-02,5,"Analamanga","IPM-data"
2020-05-03,19,"Analamanga","IPM-data"
2020-05-04,29,"Analamanga","IPM-data"
2020-05-05,1,"Analamanga","IPM-data"
2020-05-06,1,"Analamanga","IPM-data"
2020-05-07,3,"Analamanga","IPM-data"
2020-05-08,0,"Analamanga","IPM-data"
2020-05-09,2,"Analamanga","IPM-data"
2020-05-10,0,"Analamanga","IPM-data"
2020-05-11,0,"Analamanga","IPM-data"
2020-05-12,1,"Analamanga","IPM-data"
2020-05-13,1,"Analamanga","IPM-data"
2020-05-14,3,"Analamanga","IPM-data"
2020-05-15,1,"Analamanga","IPM-data"
2020-05-16,0,"Analamanga","IPM-data"
2020-05-17,1,"Analamanga","IPM-data"
2020-05-18,0,"Analamanga","IPM-data"
2020-05-19,0,"Analamanga","IPM-data"
2020-05-20,0,"Analamanga","IPM-data"
2020-05-21,1,"Analamanga","IPM-data"
2020-05-22,6,"Analamanga","IPM-data"
2020-05-23,2,"Analamanga","IPM-data"
2020-05-24,1,"Analamanga","IPM-data"
2020-05-25,2,"Analamanga","IPM-data"
2020-05-26,16,"Analamanga","IPM-data"
2020-05-27,7,"Analamanga","IPM-data"
2020-05-28,1,"Analamanga","IPM-data"
2020-05-29,0,"Analamanga","IPM-data"
2020-05-30,11,"Analamanga","IPM-data"
2020-05-31,4,"Analamanga","IPM-data"
2020-06-01,4,"Analamanga","IPM-data"
2020-06-02,5,"Analamanga","IPM-data"
2020-06-03,7,"Analamanga","IPM-data"
2020-06-04,4,"Analamanga","IPM-data"
2020-06-05,0,"Analamanga","IPM-data"
2020-06-06,0,"Analamanga","IPM-data"
2020-06-07,0,"Analamanga","IPM-data"
2020-06-08,4,"Analamanga","IPM-data"
2020-06-09,22,"Analamanga","IPM-data"
2020-06-10,16,"Analamanga","IPM-data"
2020-06-11,2,"Analamanga","IPM-data"
2020-06-12,0,"Analamanga","IPM-data"
2020-06-13,9,"Analamanga","IPM-data"
2020-06-14,2,"Analamanga","IPM-data"
2020-06-15,50,"Analamanga","IPM-data"
2020-06-16,26,"Analamanga","IPM-data"
2020-06-17,20,"Analamanga","IPM-data"
2020-06-18,3,"Analamanga","IPM-data"
2020-06-19,6,"Analamanga","IPM-data"
2020-06-20,17,"Analamanga","IPM-data"
2020-06-21,2,"Analamanga","IPM-data"
2020-06-22,17,"Analamanga","IPM-data"
2020-06-23,3,"Analamanga","IPM-data"
2020-06-24,16,"Analamanga","IPM-data"
2020-06-25,22,"Analamanga","IPM-data"
2020-06-26,88,"Analamanga","IPM-data"
2020-06-27,120,"Analamanga","IPM-data"
2020-06-28,72,"Analamanga","IPM-data"
2020-06-29,83,"Analamanga","IPM-data"
2020-06-30,131,"Analamanga","IPM-data"
2020-07-01,41,"Analamanga","IPM-data"
2020-07-02,6,"Analamanga","IPM-data"
2020-07-03,92,"Analamanga","IPM-data"
2020-07-04,105,"Analamanga","IPM-data"
2020-07-05,56,"Analamanga","IPM-data"
2020-07-06,58,"Analamanga","IPM-data"
2020-07-07,174,"Analamanga","IPM-data"
2020-07-08,156,"Analamanga","IPM-data"
2020-07-09,55,"Analamanga","IPM-data"
2020-07-10,80,"Analamanga","IPM-data"
2020-07-11,23,"Analamanga","IPM-data"
2020-07-12,19,"Analamanga","IPM-data"
2020-07-13,28,"Analamanga","IPM-data"
2020-07-14,94,"Analamanga","IPM-data"
2020-07-15,47,"Analamanga","IPM-data"
2020-07-16,10,"Analamanga","IPM-data"
2020-07-17,56,"Analamanga","IPM-data"
2020-07-18,42,"Analamanga","IPM-data"
2020-07-19,27,"Analamanga","IPM-data"
2020-07-20,67,"Analamanga","IPM-data"
2020-07-21,23,"Analamanga","IPM-data"
2020-07-22,57,"Analamanga","IPM-data"
2020-07-23,41,"Analamanga","IPM-data"
2020-07-24,35,"Analamanga","IPM-data"
2020-07-25,35,"Analamanga","IPM-data"
2020-07-26,10,"Analamanga","IPM-data"
2020-07-27,31,"Analamanga","IPM-data"
2020-07-28,46,"Analamanga","IPM-data"
2020-07-29,30,"Analamanga","IPM-data"
2020-07-30,31,"Analamanga","IPM-data"
2020-07-31,25,"Analamanga","IPM-data"
2020-08-01,26,"Analamanga","IPM-data"
2020-08-02,31,"Analamanga","IPM-data"
2020-08-03,53,"Analamanga","IPM-data"
2020-08-04,23,"Analamanga","IPM-data"
2020-08-05,34,"Analamanga","IPM-data"
2020-08-06,41,"Analamanga","IPM-data"
2020-08-07,49,"Analamanga","IPM-data"
2020-08-08,22,"Analamanga","IPM-data"
2020-08-09,7,"Analamanga","IPM-data"
2020-08-10,26,"Analamanga","IPM-data"
2020-08-11,40,"Analamanga","IPM-data"
2020-08-12,33,"Analamanga","IPM-data"
2020-08-13,22,"Analamanga","IPM-data"
2020-08-14,20,"Analamanga","IPM-data"
2020-08-15,19,"Analamanga","IPM-data"
2020-08-16,12,"Analamanga","IPM-data"
2020-08-17,44,"Analamanga","IPM-data"
2020-08-18,35,"Analamanga","IPM-data"
2020-08-19,16,"Analamanga","IPM-data"
2020-08-20,28,"Analamanga","IPM-data"
2020-08-21,31,"Analamanga","IPM-data"
2020-08-22,7,"Analamanga","IPM-data"
2020-08-23,8,"Analamanga","IPM-data"
2020-08-24,17,"Analamanga","IPM-data"
2020-08-25,1,"Analamanga","IPM-data"
2020-08-26,38,"Analamanga","IPM-data"
2020-08-27,19,"Analamanga","IPM-data"
2020-08-28,21,"Analamanga","IPM-data"
2020-08-29,17,"Analamanga","IPM-data"
2020-08-30,7,"Analamanga","IPM-data"
2020-08-31,13,"Analamanga","IPM-data"
2020-09-01,23,"Analamanga","IPM-data"
2020-09-02,5,"Analamanga","IPM-data"
2020-09-03,8,"Analamanga","IPM-data"
2020-09-04,10,"Analamanga","IPM-data"
2020-09-05,8,"Analamanga","IPM-data"
2020-09-06,4,"Analamanga","IPM-data"
2020-09-07,19,"Analamanga","IPM-data"
2020-09-08,8,"Analamanga","IPM-data"
2020-09-09,9,"Analamanga","IPM-data"
2020-09-10,6,"Analamanga","IPM-data"
2020-09-11,4,"Analamanga","IPM-data"
2020-09-12,4,"Analamanga","IPM-data"
2020-09-13,9,"Analamanga","IPM-data"
2020-09-14,6,"Analamanga","IPM-data"
2020-09-15,6,"Analamanga","IPM-data"
2020-09-16,3,"Analamanga","IPM-data"
2020-09-17,7,"Analamanga","IPM-data"
2020-09-18,4,"Analamanga","IPM-data"
2020-09-19,4,"Analamanga","IPM-data"
2020-09-20,3,"Analamanga","IPM-data"
2020-09-21,9,"Analamanga","IPM-data"
2020-09-22,3,"Analamanga","IPM-data"
2020-09-23,8,"Analamanga","IPM-data"
2020-09-24,6,"Analamanga","IPM-data"
2020-09-25,5,"Analamanga","IPM-data"
2020-09-26,2,"Analamanga","IPM-data"
2020-09-27,1,"Analamanga","IPM-data"
2020-09-28,3,"Analamanga","IPM-data"
2020-09-29,4,"Analamanga","IPM-data"
2020-09-30,1,"Analamanga","IPM-data"
2020-10-01,0,"Analamanga","IPM-data"
2020-10-02,0,"Analamanga","IPM-data"
2020-10-03,0,"Analamanga","IPM-data"
2020-10-04,0,"Analamanga","IPM-data"
2020-10-05,0,"Analamanga","IPM-data"
2020-10-06,0,"Analamanga","IPM-data"
2020-10-07,0,"Analamanga","IPM-data"
2020-03-18,1,"National","IPM-data"
2020-03-19,2,"National","IPM-data"
2020-03-20,13,"National","IPM-data"
2020-03-21,0,"National","IPM-data"
2020-03-22,2,"National","IPM-data"
2020-03-23,0,"National","IPM-data"
2020-03-24,5,"National","IPM-data"
2020-03-25,5,"National","IPM-data"
2020-03-26,14,"National","IPM-data"
2020-03-27,3,"National","IPM-data"
2020-03-28,3,"National","IPM-data"
2020-03-29,1,"National","IPM-data"
2020-03-30,2,"National","IPM-data"
2020-03-31,7,"National","IPM-data"
2020-04-01,5,"National","IPM-data"
2020-04-02,0,"National","IPM-data"
2020-04-03,5,"National","IPM-data"
2020-04-04,9,"National","IPM-data"
2020-04-05,4,"National","IPM-data"
2020-04-06,6,"National","IPM-data"
2020-04-07,2,"National","IPM-data"
2020-04-08,4,"National","IPM-data"
2020-04-09,2,"National","IPM-data"
2020-04-10,1,"National","IPM-data"
2020-04-11,1,"National","IPM-data"
2020-04-12,4,"National","IPM-data"
2020-04-13,3,"National","IPM-data"
2020-04-14,4,"National","IPM-data"
2020-04-15,2,"National","IPM-data"
2020-04-16,2,"National","IPM-data"
2020-04-17,1,"National","IPM-data"
2020-04-18,0,"National","IPM-data"
2020-04-19,0,"National","IPM-data"
2020-04-20,0,"National","IPM-data"
2020-04-21,0,"National","IPM-data"
2020-04-22,1,"National","IPM-data"
2020-04-23,2,"National","IPM-data"
2020-04-24,4,"National","IPM-data"
2020-04-25,0,"National","IPM-data"
2020-04-26,0,"National","IPM-data"
2020-04-27,0,"National","IPM-data"
2020-04-28,3,"National","IPM-data"
2020-04-29,2,"National","IPM-data"
2020-04-30,8,"National","IPM-data"
2020-05-01,8,"National","IPM-data"
2020-05-02,9,"National","IPM-data"
2020-05-03,19,"National","IPM-data"
2020-05-04,47,"National","IPM-data"
2020-05-05,5,"National","IPM-data"
2020-05-06,71,"National","IPM-data"
2020-05-07,23,"National","IPM-data"
2020-05-08,12,"National","IPM-data"
2020-05-09,12,"National","IPM-data"
2020-05-10,9,"National","IPM-data"
2020-05-11,26,"National","IPM-data"
2020-05-12,13,"National","IPM-data"
2020-05-13,24,"National","IPM-data"
2020-05-14,31,"National","IPM-data"
2020-05-15,47,"National","IPM-data"
2020-05-16,20,"National","IPM-data"
2020-05-17,5,"National","IPM-data"
2020-05-18,23,"National","IPM-data"
2020-05-19,17,"National","IPM-data"
2020-05-20,26,"National","IPM-data"
2020-05-21,10,"National","IPM-data"
2020-05-22,17,"National","IPM-data"
2020-05-23,6,"National","IPM-data"
2020-05-24,16,"National","IPM-data"
2020-05-25,21,"National","IPM-data"
2020-05-26,45,"National","IPM-data"
2020-05-27,42,"National","IPM-data"
2020-05-28,17,"National","IPM-data"
2020-05-29,36,"National","IPM-data"
2020-05-30,37,"National","IPM-data"
2020-05-31,14,"National","IPM-data"
2020-06-01,31,"National","IPM-data"
2020-06-02,71,"National","IPM-data"
2020-06-03,30,"National","IPM-data"
2020-06-04,31,"National","IPM-data"
2020-06-05,6,"National","IPM-data"
2020-06-06,12,"National","IPM-data"
2020-06-07,3,"National","IPM-data"
2020-06-08,20,"National","IPM-data"
2020-06-09,27,"National","IPM-data"
2020-06-10,27,"National","IPM-data"
2020-06-11,13,"National","IPM-data"
2020-06-12,10,"National","IPM-data"
2020-06-13,16,"National","IPM-data"
2020-06-14,5,"National","IPM-data"
2020-06-15,67,"National","IPM-data"
2020-06-16,30,"National","IPM-data"
2020-06-17,23,"National","IPM-data"
2020-06-18,9,"National","IPM-data"
2020-06-19,13,"National","IPM-data"
2020-06-20,31,"National","IPM-data"
2020-06-21,3,"National","IPM-data"
2020-06-22,30,"National","IPM-data"
2020-06-23,9,"National","IPM-data"
2020-06-24,29,"National","IPM-data"
2020-06-25,31,"National","IPM-data"
2020-06-26,89,"National","IPM-data"
2020-06-27,120,"National","IPM-data"
2020-06-28,83,"National","IPM-data"
2020-06-29,91,"National","IPM-data"
2020-06-30,135,"National","IPM-data"
2020-07-01,46,"National","IPM-data"
2020-07-02,8,"National","IPM-data"
2020-07-03,95,"National","IPM-data"
2020-07-04,108,"National","IPM-data"
2020-07-05,69,"National","IPM-data"
2020-07-06,74,"National","IPM-data"
2020-07-07,184,"National","IPM-data"
2020-07-08,172,"National","IPM-data"
2020-07-09,64,"National","IPM-data"
2020-07-10,98,"National","IPM-data"
2020-07-11,28,"National","IPM-data"
2020-07-12,19,"National","IPM-data"
2020-07-13,42,"National","IPM-data"
2020-07-14,101,"National","IPM-data"
2020-07-15,55,"National","IPM-data"
2020-07-16,15,"National","IPM-data"
2020-07-17,88,"National","IPM-data"
2020-07-18,74,"National","IPM-data"
2020-07-19,33,"National","IPM-data"
2020-07-20,96,"National","IPM-data"
2020-07-21,38,"National","IPM-data"
2020-07-22,69,"National","IPM-data"
2020-07-23,51,"National","IPM-data"
2020-07-24,42,"National","IPM-data"
2020-07-25,36,"National","IPM-data"
2020-07-26,11,"National","IPM-data"
2020-07-27,50,"National","IPM-data"
2020-07-28,58,"National","IPM-data"
2020-07-29,41,"National","IPM-data"
2020-07-30,43,"National","IPM-data"
2020-07-31,29,"National","IPM-data"
2020-08-01,29,"National","IPM-data"
2020-08-02,32,"National","IPM-data"
2020-08-03,89,"National","IPM-data"
2020-08-04,27,"National","IPM-data"
2020-08-05,35,"National","IPM-data"
2020-08-06,62,"National","IPM-data"
2020-08-07,72,"National","IPM-data"
2020-08-08,28,"National","IPM-data"
2020-08-09,7,"National","IPM-data"
2020-08-10,46,"National","IPM-data"
2020-08-11,71,"National","IPM-data"
2020-08-12,40,"National","IPM-data"
2020-08-13,55,"National","IPM-data"
2020-08-14,22,"National","IPM-data"
2020-08-15,23,"National","IPM-data"
2020-08-16,12,"National","IPM-data"
2020-08-17,52,"National","IPM-data"
2020-08-18,44,"National","IPM-data"
2020-08-19,55,"National","IPM-data"
2020-08-20,35,"National","IPM-data"
2020-08-21,36,"National","IPM-data"
2020-08-22,8,"National","IPM-data"
2020-08-23,8,"National","IPM-data"
2020-08-24,35,"National","IPM-data"
2020-08-25,3,"National","IPM-data"
2020-08-26,43,"National","IPM-data"
2020-08-27,27,"National","IPM-data"
2020-08-28,32,"National","IPM-data"
2020-08-29,28,"National","IPM-data"
2020-08-30,8,"National","IPM-data"
2020-08-31,30,"National","IPM-data"
2020-09-01,25,"National","IPM-data"
2020-09-02,7,"National","IPM-data"
2020-09-03,25,"National","IPM-data"
2020-09-04,12,"National","IPM-data"
2020-09-05,22,"National","IPM-data"
2020-09-06,4,"National","IPM-data"
2020-09-07,29,"National","IPM-data"
2020-09-08,8,"National","IPM-data"
2020-09-09,11,"National","IPM-data"
2020-09-10,6,"National","IPM-data"
2020-09-11,10,"National","IPM-data"
2020-09-12,10,"National","IPM-data"
2020-09-13,20,"National","IPM-data"
2020-09-14,7,"National","IPM-data"
2020-09-15,7,"National","IPM-data"
2020-09-16,4,"National","IPM-data"
2020-09-17,11,"National","IPM-data"
2020-09-18,9,"National","IPM-data"
2020-09-19,5,"National","IPM-data"
2020-09-20,7,"National","IPM-data"
2020-09-21,9,"National","IPM-data"
2020-09-22,4,"National","IPM-data"
2020-09-23,14,"National","IPM-data"
2020-09-24,7,"National","IPM-data"
2020-09-25,5,"National","IPM-data"
2020-09-26,2,"National","IPM-data"
2020-09-27,2,"National","IPM-data"
2020-09-28,5,"National","IPM-data"
2020-09-29,4,"National","IPM-data"
2020-09-30,18,"National","IPM-data"
2020-10-01,0,"National","IPM-data"
2020-10-02,0,"National","IPM-data"
2020-10-03,0,"National","IPM-data"
2020-10-04,0,"National","IPM-data"
2020-10-05,0,"National","IPM-data"
2020-10-06,0,"National","IPM-data"
2020-10-07,0,"National","IPM-data"
2020-03-20,3,"Analamanga","publicly-reported-data"
2020-03-22,9,"Analamanga","publicly-reported-data"
2020-03-23,5,"Analamanga","publicly-reported-data"
2020-03-24,2,"Analamanga","publicly-reported-data"
2020-03-26,4,"Analamanga","publicly-reported-data"
2020-03-27,3,"Analamanga","publicly-reported-data"
2020-03-28,4,"Analamanga","publicly-reported-data"
2020-03-29,6,"Analamanga","publicly-reported-data"
2020-04-01,4,"Analamanga","publicly-reported-data"
2020-04-02,1,"Analamanga","publicly-reported-data"
2020-04-03,5,"Analamanga","publicly-reported-data"
2020-04-06,5,"Analamanga","publicly-reported-data"
2020-04-07,3,"Analamanga","publicly-reported-data"
2020-04-08,2,"Analamanga","publicly-reported-data"
2020-04-10,3,"Analamanga","publicly-reported-data"
2020-04-12,3,"Analamanga","publicly-reported-data"
2020-04-14,2,"Analamanga","publicly-reported-data"
2020-04-15,2,"Analamanga","publicly-reported-data"
2020-04-17,3,"Analamanga","publicly-reported-data"
2020-04-18,2,"Analamanga","publicly-reported-data"
2020-04-19,1,"Analamanga","publicly-reported-data"
2020-04-24,1,"Analamanga","publicly-reported-data"
2020-04-27,3,"Analamanga","publicly-reported-data"
2020-05-01,4,"Analamanga","publicly-reported-data"
2020-05-03,6,"Analamanga","publicly-reported-data"
2020-05-06,1,"Analamanga","publicly-reported-data"
2020-05-08,4,"Analamanga","publicly-reported-data"
2020-05-11,3,"Analamanga","publicly-reported-data"
2020-05-13,2,"Analamanga","publicly-reported-data"
2020-05-14,2,"Analamanga","publicly-reported-data"
2020-05-16,16,"Analamanga","publicly-reported-data"
2020-05-19,2,"Analamanga","publicly-reported-data"
2020-05-20,3,"Analamanga","publicly-reported-data"
2020-05-22,5,"Analamanga","publicly-reported-data"
2020-05-24,10,"Analamanga","publicly-reported-data"
2020-05-25,2,"Analamanga","publicly-reported-data"
2020-05-26,10,"Analamanga","publicly-reported-data"
2020-05-27,8,"Analamanga","publicly-reported-data"
2020-05-28,11,"Analamanga","publicly-reported-data"
2020-05-29,1,"Analamanga","publicly-reported-data"
2020-05-30,25,"Analamanga","publicly-reported-data"
2020-05-31,10,"Analamanga","publicly-reported-data"
2020-06-01,4,"Analamanga","publicly-reported-data"
2020-06-02,2,"Analamanga","publicly-reported-data"
2020-06-03,23,"Analamanga","publicly-reported-data"
2020-06-04,5,"Analamanga","publicly-reported-data"
2020-06-05,5,"Analamanga","publicly-reported-data"
2020-06-06,28,"Analamanga","publicly-reported-data"
2020-06-07,12,"Analamanga","publicly-reported-data"
2020-06-09,4,"Analamanga","publicly-reported-data"
2020-06-11,12,"Analamanga","publicly-reported-data"
2020-06-12,17,"Analamanga","publicly-reported-data"
2020-06-13,12,"Analamanga","publicly-reported-data"
2020-06-14,6,"Analamanga","publicly-reported-data"
2020-06-15,7,"Analamanga","publicly-reported-data"
2020-06-16,21,"Analamanga","publicly-reported-data"
2020-06-17,52,"Analamanga","publicly-reported-data"
2020-06-19,8,"Analamanga","publicly-reported-data"
2020-06-20,44,"Analamanga","publicly-reported-data"
2020-06-21,71,"Analamanga","publicly-reported-data"
2020-06-22,10,"Analamanga","publicly-reported-data"
2020-06-23,83,"Analamanga","publicly-reported-data"
2020-06-24,38,"Analamanga","publicly-reported-data"
2020-06-25,37,"Analamanga","publicly-reported-data"
2020-06-26,11,"Analamanga","publicly-reported-data"
2020-06-27,74,"Analamanga","publicly-reported-data"
2020-06-28,66,"Analamanga","publicly-reported-data"
2020-06-29,49,"Analamanga","publicly-reported-data"
2020-06-30,75,"Analamanga","publicly-reported-data"
2020-07-01,88,"Analamanga","publicly-reported-data"
2020-07-02,52,"Analamanga","publicly-reported-data"
2020-07-03,85,"Analamanga","publicly-reported-data"
2020-07-04,209,"Analamanga","publicly-reported-data"
2020-07-05,197,"Analamanga","publicly-reported-data"
2020-07-06,303,"Analamanga","publicly-reported-data"
2020-07-07,210,"Analamanga","publicly-reported-data"
2020-07-08,96,"Analamanga","publicly-reported-data"
2020-07-09,209,"Analamanga","publicly-reported-data"
2020-07-10,341,"Analamanga","publicly-reported-data"
2020-07-11,401,"Analamanga","publicly-reported-data"
2020-07-12,249,"Analamanga","publicly-reported-data"
2020-07-13,193,"Analamanga","publicly-reported-data"
2020-07-14,252,"Analamanga","publicly-reported-data"
2020-07-15,205,"Analamanga","publicly-reported-data"
2020-07-16,433,"Analamanga","publicly-reported-data"
2020-07-17,238,"Analamanga","publicly-reported-data"
2020-07-18,349,"Analamanga","publicly-reported-data"
2020-07-19,163,"Analamanga","publicly-reported-data"
2020-07-20,71,"Analamanga","publicly-reported-data"
2020-07-21,356,"Analamanga","publicly-reported-data"
2020-07-22,575,"Analamanga","publicly-reported-data"
2020-07-23,148,"Analamanga","publicly-reported-data"
2020-07-24,321,"Analamanga","publicly-reported-data"
2020-07-25,84,"Analamanga","publicly-reported-data"
2020-07-26,380,"Analamanga","publicly-reported-data"
2020-07-27,269,"Analamanga","publicly-reported-data"
2020-07-28,347,"Analamanga","publicly-reported-data"
2020-07-29,122,"Analamanga","publicly-reported-data"
2020-07-30,388,"Analamanga","publicly-reported-data"
2020-07-31,77,"Analamanga","publicly-reported-data"
2020-08-01,324,"Analamanga","publicly-reported-data"
2020-08-02,225,"Analamanga","publicly-reported-data"
2020-08-03,118,"Analamanga","publicly-reported-data"
2020-08-04,185,"Analamanga","publicly-reported-data"
2020-08-05,272,"Analamanga","publicly-reported-data"
2020-08-06,242,"Analamanga","publicly-reported-data"
2020-08-07,141,"Analamanga","publicly-reported-data"
2020-08-08,129,"Analamanga","publicly-reported-data"
2020-08-09,127,"Analamanga","publicly-reported-data"
2020-08-10,99,"Analamanga","publicly-reported-data"
2020-08-11,43,"Analamanga","publicly-reported-data"
2020-08-12,27,"Analamanga","publicly-reported-data"
2020-08-13,49,"Analamanga","publicly-reported-data"
2020-08-14,53,"Analamanga","publicly-reported-data"
2020-08-15,42,"Analamanga","publicly-reported-data"
2020-08-16,69,"Analamanga","publicly-reported-data"
2020-08-17,43,"Analamanga","publicly-reported-data"
2020-08-18,22,"Analamanga","publicly-reported-data"
2020-08-19,18,"Analamanga","publicly-reported-data"
2020-08-20,52,"Analamanga","publicly-reported-data"
2020-08-21,39,"Analamanga","publicly-reported-data"
2020-08-22,13,"Analamanga","publicly-reported-data"
2020-08-23,22,"Analamanga","publicly-reported-data"
2020-08-24,29,"Analamanga","publicly-reported-data"
2020-08-25,26,"Analamanga","publicly-reported-data"
2020-08-26,36,"Analamanga","publicly-reported-data"
2020-08-27,26,"Analamanga","publicly-reported-data"
2020-08-28,50,"Analamanga","publicly-reported-data"
2020-08-29,64,"Analamanga","publicly-reported-data"
2020-08-30,26,"Analamanga","publicly-reported-data"
2020-08-31,15,"Analamanga","publicly-reported-data"
2020-09-01,37,"Analamanga","publicly-reported-data"
2020-09-02,39,"Analamanga","publicly-reported-data"
2020-09-03,35,"Analamanga","publicly-reported-data"
2020-09-04,50,"Analamanga","publicly-reported-data"
2020-09-05,46,"Analamanga","publicly-reported-data"
2020-09-06,30,"Analamanga","publicly-reported-data"
2020-09-07,17,"Analamanga","publicly-reported-data"
2020-09-08,44,"Analamanga","publicly-reported-data"
2020-09-09,22,"Analamanga","publicly-reported-data"
2020-09-10,53,"Analamanga","publicly-reported-data"
2020-09-11,23,"Analamanga","publicly-reported-data"
2020-09-12,13,"Analamanga","publicly-reported-data"
2020-09-13,12,"Analamanga","publicly-reported-data"
2020-09-14,9,"Analamanga","publicly-reported-data"
2020-09-15,6,"Analamanga","publicly-reported-data"
2020-09-16,26,"Analamanga","publicly-reported-data"
2020-09-17,10,"Analamanga","publicly-reported-data"
2020-09-18,34,"Analamanga","publicly-reported-data"
2020-09-19,25,"Analamanga","publicly-reported-data"
2020-09-20,26,"Analamanga","publicly-reported-data"
2020-09-21,12,"Analamanga","publicly-reported-data"
2020-09-22,6,"Analamanga","publicly-reported-data"
2020-09-23,8,"Analamanga","publicly-reported-data"
2020-09-24,5,"Analamanga","publicly-reported-data"
2020-09-25,10,"Analamanga","publicly-reported-data"
2020-09-26,3,"Analamanga","publicly-reported-data"
2020-09-27,4,"Analamanga","publicly-reported-data"
2020-09-28,6,"Analamanga","publicly-reported-data"
2020-09-29,2,"Analamanga","publicly-reported-data"
2020-09-30,10,"Analamanga","publicly-reported-data"
2020-10-01,6,"Analamanga","publicly-reported-data"
2020-10-02,14,"Analamanga","publicly-reported-data"
2020-10-03,15,"Analamanga","publicly-reported-data"
2020-10-04,3,"Analamanga","publicly-reported-data"
2020-10-05,3,"Analamanga","publicly-reported-data"
2020-10-06,3,"Analamanga","publicly-reported-data"
2020-10-07,19,"Analamanga","publicly-reported-data"
2020-10-08,3,"Analamanga","publicly-reported-data"
2020-10-09,5,"Analamanga","publicly-reported-data"
2020-10-10,2,"Analamanga","publicly-reported-data"
2020-10-11,10,"Analamanga","publicly-reported-data"
2020-10-13,2,"Analamanga","publicly-reported-data"
2020-03-28,6,"Atsinanana","publicly-reported-data"
2020-03-30,2,"Atsinanana","publicly-reported-data"
2020-04-01,1,"Atsinanana","publicly-reported-data"
2020-04-04,1,"Atsinanana","publicly-reported-data"
2020-04-07,3,"Atsinanana","publicly-reported-data"
2020-04-10,6,"Atsinanana","publicly-reported-data"
2020-04-12,1,"Atsinanana","publicly-reported-data"
2020-04-16,1,"Atsinanana","publicly-reported-data"
2020-04-17,3,"Atsinanana","publicly-reported-data"
2020-04-18,1,"Atsinanana","publicly-reported-data"
2020-04-25,1,"Atsinanana","publicly-reported-data"
2020-04-26,1,"Atsinanana","publicly-reported-data"
2020-05-02,2,"Atsinanana","publicly-reported-data"
2020-05-03,9,"Atsinanana","publicly-reported-data"
2020-05-06,6,"Atsinanana","publicly-reported-data"
2020-05-07,3,"Atsinanana","publicly-reported-data"
2020-05-08,2,"Atsinanana","publicly-reported-data"
2020-05-10,2,"Atsinanana","publicly-reported-data"
2020-05-11,11,"Atsinanana","publicly-reported-data"
2020-05-12,6,"Atsinanana","publicly-reported-data"
2020-05-13,15,"Atsinanana","publicly-reported-data"
2020-05-14,5,"Atsinanana","publicly-reported-data"
2020-05-15,8,"Atsinanana","publicly-reported-data"
2020-05-16,19,"Atsinanana","publicly-reported-data"
2020-05-17,21,"Atsinanana","publicly-reported-data"
2020-05-18,17,"Atsinanana","publicly-reported-data"
2020-05-19,2,"Atsinanana","publicly-reported-data"
2020-05-20,42,"Atsinanana","publicly-reported-data"
2020-05-21,24,"Atsinanana","publicly-reported-data"
2020-05-22,38,"Atsinanana","publicly-reported-data"
2020-05-23,40,"Atsinanana","publicly-reported-data"
2020-05-24,20,"Atsinanana","publicly-reported-data"
2020-05-25,11,"Atsinanana","publicly-reported-data"
2020-05-26,20,"Atsinanana","publicly-reported-data"
2020-05-27,17,"Atsinanana","publicly-reported-data"
2020-05-28,29,"Atsinanana","publicly-reported-data"
2020-05-29,39,"Atsinanana","publicly-reported-data"
2020-05-30,27,"Atsinanana","publicly-reported-data"
2020-05-31,3,"Atsinanana","publicly-reported-data"
2020-06-01,23,"Atsinanana","publicly-reported-data"
2020-06-02,5,"Atsinanana","publicly-reported-data"
2020-06-03,33,"Atsinanana","publicly-reported-data"
2020-06-04,28,"Atsinanana","publicly-reported-data"
2020-06-05,7,"Atsinanana","publicly-reported-data"
2020-06-06,22,"Atsinanana","publicly-reported-data"
2020-06-07,11,"Atsinanana","publicly-reported-data"
2020-06-08,42,"Atsinanana","publicly-reported-data"
2020-06-09,40,"Atsinanana","publicly-reported-data"
2020-06-10,18,"Atsinanana","publicly-reported-data"
2020-06-11,22,"Atsinanana","publicly-reported-data"
2020-06-13,10,"Atsinanana","publicly-reported-data"
2020-06-14,5,"Atsinanana","publicly-reported-data"
2020-06-15,6,"Atsinanana","publicly-reported-data"
2020-06-16,1,"Atsinanana","publicly-reported-data"
2020-06-17,2,"Atsinanana","publicly-reported-data"
2020-06-18,17,"Atsinanana","publicly-reported-data"
2020-06-19,2,"Atsinanana","publicly-reported-data"
2020-06-20,4,"Atsinanana","publicly-reported-data"
2020-06-21,21,"Atsinanana","publicly-reported-data"
2020-06-23,1,"Atsinanana","publicly-reported-data"
2020-06-24,3,"Atsinanana","publicly-reported-data"
2020-06-26,2,"Atsinanana","publicly-reported-data"
2020-06-27,2,"Atsinanana","publicly-reported-data"
2020-06-30,1,"Atsinanana","publicly-reported-data"
2020-07-04,2,"Atsinanana","publicly-reported-data"
2020-07-05,4,"Atsinanana","publicly-reported-data"
2020-07-07,1,"Atsinanana","publicly-reported-data"
2020-07-08,2,"Atsinanana","publicly-reported-data"
2020-07-13,1,"Atsinanana","publicly-reported-data"
2020-07-14,1,"Atsinanana","publicly-reported-data"
2020-07-15,2,"Atsinanana","publicly-reported-data"
2020-07-16,5,"Atsinanana","publicly-reported-data"
2020-07-17,1,"Atsinanana","publicly-reported-data"
2020-07-18,9,"Atsinanana","publicly-reported-data"
2020-07-19,6,"Atsinanana","publicly-reported-data"
2020-07-21,1,"Atsinanana","publicly-reported-data"
2020-07-23,2,"Atsinanana","publicly-reported-data"
2020-07-24,2,"Atsinanana","publicly-reported-data"
2020-07-26,1,"Atsinanana","publicly-reported-data"
2020-07-28,4,"Atsinanana","publicly-reported-data"
2020-07-29,3,"Atsinanana","publicly-reported-data"
2020-07-30,2,"Atsinanana","publicly-reported-data"
2020-07-31,1,"Atsinanana","publicly-reported-data"
2020-08-01,3,"Atsinanana","publicly-reported-data"
2020-08-02,2,"Atsinanana","publicly-reported-data"
2020-08-03,1,"Atsinanana","publicly-reported-data"
2020-08-04,1,"Atsinanana","publicly-reported-data"
2020-08-06,1,"Atsinanana","publicly-reported-data"
2020-08-07,1,"Atsinanana","publicly-reported-data"
2020-08-08,1,"Atsinanana","publicly-reported-data"
2020-08-11,1,"Atsinanana","publicly-reported-data"
2020-08-12,1,"Atsinanana","publicly-reported-data"
2020-08-18,3,"Atsinanana","publicly-reported-data"
2020-08-19,1,"Atsinanana","publicly-reported-data"
2020-08-21,1,"Atsinanana","publicly-reported-data"
2020-08-22,1,"Atsinanana","publicly-reported-data"
2020-08-25,1,"Atsinanana","publicly-reported-data"
2020-08-26,3,"Atsinanana","publicly-reported-data"
2020-08-27,1,"Atsinanana","publicly-reported-data"
2020-08-29,1,"Atsinanana","publicly-reported-data"
2020-09-02,3,"Atsinanana","publicly-reported-data"
2020-09-04,3,"Atsinanana","publicly-reported-data"
2020-10-10,1,"Atsinanana","publicly-reported-data"
2020-03-20,3,"National","publicly-reported-data"
2020-03-22,9,"National","publicly-reported-data"
2020-03-23,5,"National","publicly-reported-data"
2020-03-24,2,"National","publicly-reported-data"
2020-03-26,4,"National","publicly-reported-data"
2020-03-27,3,"National","publicly-reported-data"
2020-03-28,11,"National","publicly-reported-data"
2020-03-29,6,"National","publicly-reported-data"
2020-03-30,3,"National","publicly-reported-data"
2020-03-31,4,"National","publicly-reported-data"
2020-04-01,8,"National","publicly-reported-data"
2020-04-02,1,"National","publicly-reported-data"
2020-04-03,11,"National","publicly-reported-data"
2020-04-04,1,"National","publicly-reported-data"
2020-04-05,1,"National","publicly-reported-data"
2020-04-06,10,"National","publicly-reported-data"
2020-04-07,6,"National","publicly-reported-data"
2020-04-08,5,"National","publicly-reported-data"
2020-04-10,9,"National","publicly-reported-data"
2020-04-12,4,"National","publicly-reported-data"
2020-04-14,2,"National","publicly-reported-data"
2020-04-15,2,"National","publicly-reported-data"
2020-04-16,1,"National","publicly-reported-data"
2020-04-17,6,"National","publicly-reported-data"
2020-04-18,3,"National","publicly-reported-data"
2020-04-19,1,"National","publicly-reported-data"
2020-04-24,1,"National","publicly-reported-data"
2020-04-25,1,"National","publicly-reported-data"
2020-04-26,1,"National","publicly-reported-data"
2020-04-27,4,"National","publicly-reported-data"
2020-05-01,4,"National","publicly-reported-data"
2020-05-02,3,"National","publicly-reported-data"
2020-05-03,16,"National","publicly-reported-data"
2020-05-06,7,"National","publicly-reported-data"
2020-05-07,3,"National","publicly-reported-data"
2020-05-08,6,"National","publicly-reported-data"
2020-05-09,2,"National","publicly-reported-data"
2020-05-10,2,"National","publicly-reported-data"
2020-05-11,15,"National","publicly-reported-data"
2020-05-12,6,"National","publicly-reported-data"
2020-05-13,20,"National","publicly-reported-data"
2020-05-14,18,"National","publicly-reported-data"
2020-05-15,8,"National","publicly-reported-data"
2020-05-16,45,"National","publicly-reported-data"
2020-05-17,21,"National","publicly-reported-data"
2020-05-18,18,"National","publicly-reported-data"
2020-05-19,4,"National","publicly-reported-data"
2020-05-20,45,"National","publicly-reported-data"
2020-05-21,34,"National","publicly-reported-data"
2020-05-22,43,"National","publicly-reported-data"
2020-05-23,40,"National","publicly-reported-data"
2020-05-24,39,"National","publicly-reported-data"
2020-05-25,15,"National","publicly-reported-data"
2020-05-26,44,"National","publicly-reported-data"
2020-05-27,26,"National","publicly-reported-data"
2020-05-28,44,"National","publicly-reported-data"
2020-05-29,42,"National","publicly-reported-data"
2020-05-30,60,"National","publicly-reported-data"
2020-05-31,32,"National","publicly-reported-data"
2020-06-01,36,"National","publicly-reported-data"
2020-06-02,19,"National","publicly-reported-data"
2020-06-03,63,"National","publicly-reported-data"
2020-06-04,49,"National","publicly-reported-data"
2020-06-05,18,"National","publicly-reported-data"
2020-06-06,51,"National","publicly-reported-data"
2020-06-07,26,"National","publicly-reported-data"
2020-06-08,42,"National","publicly-reported-data"
2020-06-09,44,"National","publicly-reported-data"
2020-06-10,24,"National","publicly-reported-data"
2020-06-11,41,"National","publicly-reported-data"
2020-06-12,27,"National","publicly-reported-data"
2020-06-13,22,"National","publicly-reported-data"
2020-06-14,20,"National","publicly-reported-data"
2020-06-15,18,"National","publicly-reported-data"
2020-06-16,27,"National","publicly-reported-data"
2020-06-17,61,"National","publicly-reported-data"
2020-06-18,25,"National","publicly-reported-data"
2020-06-19,40,"National","publicly-reported-data"
2020-06-20,60,"National","publicly-reported-data"
2020-06-21,93,"National","publicly-reported-data"
2020-06-22,44,"National","publicly-reported-data"
2020-06-23,84,"National","publicly-reported-data"
2020-06-24,63,"National","publicly-reported-data"
2020-06-25,42,"National","publicly-reported-data"
2020-06-26,93,"National","publicly-reported-data"
2020-06-27,83,"National","publicly-reported-data"
2020-06-28,73,"National","publicly-reported-data"
2020-06-29,60,"National","publicly-reported-data"
2020-06-30,76,"National","publicly-reported-data"
2020-07-01,89,"National","publicly-reported-data"
2020-07-02,100,"National","publicly-reported-data"
2020-07-03,109,"National","publicly-reported-data"
2020-07-04,216,"National","publicly-reported-data"
2020-07-05,213,"National","publicly-reported-data"
2020-07-06,309,"National","publicly-reported-data"
2020-07-07,222,"National","publicly-reported-data"
2020-07-08,101,"National","publicly-reported-data"
2020-07-09,209,"National","publicly-reported-data"
2020-07-10,361,"National","publicly-reported-data"
2020-07-11,435,"National","publicly-reported-data"
2020-07-12,289,"National","publicly-reported-data"
2020-07-13,213,"National","publicly-reported-data"
2020-07-14,263,"National","publicly-reported-data"
2020-07-15,262,"National","publicly-reported-data"
2020-07-16,484,"National","publicly-reported-data"
2020-07-17,378,"National","publicly-reported-data"
2020-07-18,382,"National","publicly-reported-data"
2020-07-19,200,"National","publicly-reported-data"
2020-07-20,104,"National","publicly-reported-data"
2020-07-21,395,"National","publicly-reported-data"
2020-07-22,614,"National","publicly-reported-data"
2020-07-23,219,"National","publicly-reported-data"
2020-07-24,360,"National","publicly-reported-data"
2020-07-25,125,"National","publicly-reported-data"
2020-07-26,429,"National","publicly-reported-data"
2020-07-27,395,"National","publicly-reported-data"
2020-07-28,414,"National","publicly-reported-data"
2020-07-29,213,"National","publicly-reported-data"
2020-07-30,431,"National","publicly-reported-data"
2020-07-31,120,"National","publicly-reported-data"
2020-08-01,405,"National","publicly-reported-data"
2020-08-02,255,"National","publicly-reported-data"
2020-08-03,132,"National","publicly-reported-data"
2020-08-04,235,"National","publicly-reported-data"
2020-08-05,327,"National","publicly-reported-data"
2020-08-06,304,"National","publicly-reported-data"
2020-08-07,182,"National","publicly-reported-data"
2020-08-08,214,"National","publicly-reported-data"
2020-08-09,164,"National","publicly-reported-data"
2020-08-10,116,"National","publicly-reported-data"
2020-08-11,115,"National","publicly-reported-data"
2020-08-12,80,"National","publicly-reported-data"
2020-08-13,125,"National","publicly-reported-data"
2020-08-14,121,"National","publicly-reported-data"
2020-08-15,81,"National","publicly-reported-data"
2020-08-16,103,"National","publicly-reported-data"
2020-08-17,59,"National","publicly-reported-data"
2020-08-18,123,"National","publicly-reported-data"
2020-08-19,65,"National","publicly-reported-data"
2020-08-20,80,"National","publicly-reported-data"
2020-08-21,64,"National","publicly-reported-data"
2020-08-22,59,"National","publicly-reported-data"
2020-08-23,50,"National","publicly-reported-data"
2020-08-24,75,"National","publicly-reported-data"
2020-08-25,73,"National","publicly-reported-data"
2020-08-26,79,"National","publicly-reported-data"
2020-08-27,38,"National","publicly-reported-data"
2020-08-28,104,"National","publicly-reported-data"
2020-08-29,95,"National","publicly-reported-data"
2020-08-30,52,"National","publicly-reported-data"
2020-08-31,20,"National","publicly-reported-data"
2020-09-01,94,"National","publicly-reported-data"
2020-09-02,66,"National","publicly-reported-data"
2020-09-03,83,"National","publicly-reported-data"
2020-09-04,81,"National","publicly-reported-data"
2020-09-05,82,"National","publicly-reported-data"
2020-09-06,50,"National","publicly-reported-data"
2020-09-07,33,"National","publicly-reported-data"
2020-09-08,83,"National","publicly-reported-data"
2020-09-09,85,"National","publicly-reported-data"
2020-09-10,104,"National","publicly-reported-data"
2020-09-11,45,"National","publicly-reported-data"
2020-09-12,68,"National","publicly-reported-data"
2020-09-13,20,"National","publicly-reported-data"
2020-09-14,12,"National","publicly-reported-data"
2020-09-15,34,"National","publicly-reported-data"
2020-09-16,68,"National","publicly-reported-data"
2020-09-17,54,"National","publicly-reported-data"
2020-09-18,46,"National","publicly-reported-data"
2020-09-19,49,"National","publicly-reported-data"
2020-09-20,33,"National","publicly-reported-data"
2020-09-21,20,"National","publicly-reported-data"
2020-09-22,63,"National","publicly-reported-data"
2020-09-23,31,"National","publicly-reported-data"
2020-09-24,24,"National","publicly-reported-data"
2020-09-25,30,"National","publicly-reported-data"
2020-09-26,36,"National","publicly-reported-data"
2020-09-27,28,"National","publicly-reported-data"
2020-09-28,63,"National","publicly-reported-data"
2020-09-29,29,"National","publicly-reported-data"
2020-09-30,31,"National","publicly-reported-data"
2020-10-01,46,"National","publicly-reported-data"
2020-10-02,39,"National","publicly-reported-data"
2020-10-03,36,"National","publicly-reported-data"
2020-10-04,29,"National","publicly-reported-data"
2020-10-05,12,"National","publicly-reported-data"
2020-10-06,30,"National","publicly-reported-data"
2020-10-07,33,"National","publicly-reported-data"
2020-10-08,21,"National","publicly-reported-data"
2020-10-09,22,"National","publicly-reported-data"
2020-10-10,26,"National","publicly-reported-data"
2020-10-11,16,"National","publicly-reported-data"
2020-10-12,8,"National","publicly-reported-data"
2020-10-13,28,"National","publicly-reported-data"
