"date","type","median","mean","sd","lower_90","lower_50","lower_20","upper_20","upper_50","upper_90","region","fit"
2020-03-19,"gp_rt",2,2.59875,2.56581259761338,0,1,1,3,4,8,"Analamanga","EpiNow2-IPM-dat"
2020-03-20,"gp_rt",3,4.189,3.90571282202904,0,1,2,4,6,12,"Analamanga","EpiNow2-IPM-dat"
2020-03-21,"gp_rt",2,3.1845,3.18457141916788,0,1,2,3,4,9,"Analamanga","EpiNow2-IPM-dat"
2020-03-22,"gp_rt",2,2.53475,2.62754989336274,0,1,1,2,4,8,"Analamanga","EpiNow2-IPM-dat"
2020-03-23,"gp_rt",5,6.04025,5.57686339162277,0,2,4,6,8,17,"Analamanga","EpiNow2-IPM-dat"
2020-03-24,"gp_rt",4,5.662,5.18666379962521,0,2,3,6,8,16,"Analamanga","EpiNow2-IPM-dat"
2020-03-25,"gp_rt",4,4.819,4.38640503570798,0,2,3,5,7,13,"Analamanga","EpiNow2-IPM-dat"
2020-03-26,"gp_rt",3,4.40325,4.01542903748638,0,1,3,4,6,12,"Analamanga","EpiNow2-IPM-dat"
2020-03-27,"gp_rt",4,5.8405,5.23649835087768,0,2,3,6,8,16,"Analamanga","EpiNow2-IPM-dat"
2020-03-28,"gp_rt",3,4.0655,3.8281684221527,0,1,2,4,6,12,"Analamanga","EpiNow2-IPM-dat"
2020-03-29,"gp_rt",2,3.09275,3.08164267362262,0,1,2,3,4,9,"Analamanga","EpiNow2-IPM-dat"
2020-03-30,"gp_rt",6,7.287,6.16572258812853,0,3,4,7,10,19,"Analamanga","EpiNow2-IPM-dat"
2020-03-31,"gp_rt",6,7.3775,6.39110360589823,0,3,5,7,10,20,"Analamanga","EpiNow2-IPM-dat"
2020-04-01,"gp_rt",5,6.2195,5.64364974512163,0,2,4,6,9,17,"Analamanga","EpiNow2-IPM-dat"
2020-04-02,"gp_rt",4,5.756,5.12821008097939,0,2,3,6,8,16,"Analamanga","EpiNow2-IPM-dat"
2020-04-03,"gp_rt",6,7.666,6.72255473652289,0,3,5,7,10,21,"Analamanga","EpiNow2-IPM-dat"
2020-04-04,"gp_rt",4,5.46575,4.80073835047042,0,2,3,5,8,15,"Analamanga","EpiNow2-IPM-dat"
2020-04-05,"gp_rt",3,4.04475,3.9000705218007,0,1,2,4,6,11,"Analamanga","EpiNow2-IPM-dat"
2020-04-06,"gp_rt",8,9.5755,8.24986756431321,1,4,6,9,13,26,"Analamanga","EpiNow2-IPM-dat"
2020-04-07,"gp_rt",8,9.60225,8.18790604421223,1,4,6,9,13,26,"Analamanga","EpiNow2-IPM-dat"
2020-04-08,"gp_rt",6,8.104,6.87397242314941,1,3,5,8,11,22,"Analamanga","EpiNow2-IPM-dat"
2020-04-09,"gp_rt",6,7.51775,6.6559943286203,0,3,4,7,10,20,"Analamanga","EpiNow2-IPM-dat"
2020-04-10,"gp_rt",8,9.8165,8.36455732270401,1,4,6,10,13,25,"Analamanga","EpiNow2-IPM-dat"
2020-04-11,"gp_rt",5,6.878,5.97482557361793,0,3,4,7,9,19,"Analamanga","EpiNow2-IPM-dat"
2020-04-12,"gp_rt",4,5.14825,4.6503955188909,0,2,3,5,7,15,"Analamanga","EpiNow2-IPM-dat"
2020-04-13,"gp_rt",9,11.8705,9.8515985123386,1,5,7,12,16,31,"Analamanga","EpiNow2-IPM-dat"
2020-04-14,"gp_rt",9,11.79825,10.0422486837937,1,5,7,11,16,31,"Analamanga","EpiNow2-IPM-dat"
2020-04-15,"gp_rt",8,9.8465,8.43419952813663,1,4,6,10,13,26,"Analamanga","EpiNow2-IPM-dat"
2020-04-16,"gp_rt",7,8.90175,7.75026538841721,1,3,5,9,12,24,"Analamanga","EpiNow2-IPM-dat"
2020-04-17,"gp_rt",9,12.06925,10.2917410782192,1,5,8,12,16,32,"Analamanga","EpiNow2-IPM-dat"
2020-04-18,"gp_rt",7,8.2375,6.99673726340237,1,3,5,8,11,22,"Analamanga","EpiNow2-IPM-dat"
2020-04-19,"gp_rt",5,6.0655,5.33589989663662,0,2,4,6,9,16,"Analamanga","EpiNow2-IPM-dat"
2020-04-20,"gp_rt",11,14.00425,11.7047632316112,1,6,9,13,19,37,"Analamanga","EpiNow2-IPM-dat"
2020-04-21,"gp_rt",11,14.441,12.3464621565024,1,6,9,14,20,38.0499999999997,"Analamanga","EpiNow2-IPM-dat"
2020-04-22,"gp_rt",10,12.08525,10.2632994824553,1,5,7,12,17,32,"Analamanga","EpiNow2-IPM-dat"
2020-04-23,"gp_rt",9,10.884,9.15207539965828,1,4,7,11,15,28,"Analamanga","EpiNow2-IPM-dat"
2020-04-24,"gp_rt",11,14.60675,12.240263904533,2,6,9,14,20,38,"Analamanga","EpiNow2-IPM-dat"
2020-04-25,"gp_rt",8,10.39275,8.68978570111961,1,4,6,10,14,28,"Analamanga","EpiNow2-IPM-dat"
2020-04-26,"gp_rt",6,7.67,6.62193797280138,0,3,5,8,11,20,"Analamanga","EpiNow2-IPM-dat"
2020-04-27,"gp_rt",14,18.0875,14.8375497293351,2,7,11,18,25,47,"Analamanga","EpiNow2-IPM-dat"
2020-04-28,"gp_rt",14,17.737,14.5214685642436,2,8,11,17,24,45,"Analamanga","EpiNow2-IPM-dat"
2020-04-29,"gp_rt",12,15.12225,12.1316981277299,2,6,10,15,21,38,"Analamanga","EpiNow2-IPM-dat"
2020-04-30,"gp_rt",10,13.198,10.9179712641191,1,5,8,13,18,35,"Analamanga","EpiNow2-IPM-dat"
2020-05-01,"gp_rt",14,17.48625,14.752854727752,2,7,11,17,24,46,"Analamanga","EpiNow2-IPM-dat"
2020-05-02,"gp_rt",9,11.47125,9.97284000783907,1,5,7,11,16,31,"Analamanga","EpiNow2-IPM-dat"
2020-05-03,"gp_rt",7,8.4085,7.25677565784123,1,3,5,8,12,22,"Analamanga","EpiNow2-IPM-dat"
2020-05-04,"gp_rt",14,18.1195,15.0017159892012,2,7,11,18,25,46,"Analamanga","EpiNow2-IPM-dat"
2020-05-05,"gp_rt",13,16.98875,14.2633440743588,2,7,10.6000000000001,17,23,46,"Analamanga","EpiNow2-IPM-dat"
2020-05-06,"gp_rt",11,13.3705,11.1493635166635,1,5,8,13,18,36,"Analamanga","EpiNow2-IPM-dat"
2020-05-07,"gp_rt",9,10.99975,9.2477094445053,1,4,7,11,15,29,"Analamanga","EpiNow2-IPM-dat"
2020-05-08,"gp_rt",11,13.43875,10.8489019308765,1,6,9,13,18,35,"Analamanga","EpiNow2-IPM-dat"
2020-05-09,"gp_rt",7,8.50625,7.24400302543132,1,3,5,8,12,22,"Analamanga","EpiNow2-IPM-dat"
2020-05-10,"gp_rt",4,5.67725,5.04930255595517,0,2,3,6,8,16,"Analamanga","EpiNow2-IPM-dat"
2020-05-11,"gp_rt",9,12.27125,10.4068847043586,1,5,8,12,17,32,"Analamanga","EpiNow2-IPM-dat"
2020-05-12,"gp_rt",8,10.8235,9.38775160621834,1,4,7,10,15,29,"Analamanga","EpiNow2-IPM-dat"
2020-05-13,"gp_rt",7,8.37475,7.16349365518229,1,3,5,8,12,23,"Analamanga","EpiNow2-IPM-dat"
2020-05-14,"gp_rt",5,7.02925,6.37181641673802,0,3,4,7,10,19,"Analamanga","EpiNow2-IPM-dat"
2020-05-15,"gp_rt",7,8.555,7.45435220805339,1,3,5,8,12,23,"Analamanga","EpiNow2-IPM-dat"
2020-05-16,"gp_rt",4,5.57675,5.04994900308245,0,2,3,5,8,15,"Analamanga","EpiNow2-IPM-dat"
2020-05-17,"gp_rt",3,4.114,4.02225665978183,0,1,2,4,6,12,"Analamanga","EpiNow2-IPM-dat"
2020-05-18,"gp_rt",7,8.9655,8.04925508210817,1,3,5,9,12,24,"Analamanga","EpiNow2-IPM-dat"
2020-05-19,"gp_rt",7,8.5245,7.63036403874946,1,3,5,8,12,23,"Analamanga","EpiNow2-IPM-dat"
2020-05-20,"gp_rt",5,7.12425,6.50291349384852,0,3,4,7,10,19,"Analamanga","EpiNow2-IPM-dat"
2020-05-21,"gp_rt",5,6.3035,5.9120745856659,0,2,4,6,9,18,"Analamanga","EpiNow2-IPM-dat"
2020-05-22,"gp_rt",7,8.527,7.59468174433264,1,3,5,8,12,23,"Analamanga","EpiNow2-IPM-dat"
2020-05-23,"gp_rt",5,6.13775,5.64267089871612,0,2,4,6,8,17,"Analamanga","EpiNow2-IPM-dat"
2020-05-24,"gp_rt",3,4.55425,4.33286860810408,0,1,3,4,6,13,"Analamanga","EpiNow2-IPM-dat"
2020-05-25,"gp_rt",9,11.12575,9.32143547031823,1,5,7,11,15,29,"Analamanga","EpiNow2-IPM-dat"
2020-05-26,"gp_rt",9,11.40775,9.42126212258717,1,5,7,11,16,30,"Analamanga","EpiNow2-IPM-dat"
2020-05-27,"gp_rt",8,9.7505,8.26013360677661,1,4,6,10,13,26,"Analamanga","EpiNow2-IPM-dat"
2020-05-28,"gp_rt",7,9.48075,8.00388311844591,1,4,6,10,13,25,"Analamanga","EpiNow2-IPM-dat"
2020-05-29,"gp_rt",10,13.40675,11.3327804362215,1,5,8,13,18,36,"Analamanga","EpiNow2-IPM-dat"
2020-05-30,"gp_rt",8,9.749,8.70321408928167,1,4,6,9,13,27,"Analamanga","EpiNow2-IPM-dat"
2020-05-31,"gp_rt",6,7.59975,6.65767460118575,1,3,5,7,10,21,"Analamanga","EpiNow2-IPM-dat"
2020-06-01,"gp_rt",15,18.36625,15.1674527803274,2,8,11,18,25,47,"Analamanga","EpiNow2-IPM-dat"
2020-06-02,"gp_rt",15,18.51,15.0061552762206,2,8,12,18,25,47,"Analamanga","EpiNow2-IPM-dat"
2020-06-03,"gp_rt",13,16.7305,13.2463480319689,2,7,11,17,23,42,"Analamanga","EpiNow2-IPM-dat"
2020-06-04,"gp_rt",12,15.2175,12.4944076012161,2,6,10,15,21,40,"Analamanga","EpiNow2-IPM-dat"
2020-06-05,"gp_rt",17,21.95725,18.1756983755882,2,9,14,22,30,57,"Analamanga","EpiNow2-IPM-dat"
2020-06-06,"gp_rt",12,15.144,12.5014933441553,2,6,10,15,20,39.0499999999997,"Analamanga","EpiNow2-IPM-dat"
2020-06-07,"gp_rt",9,11.6025,9.61218457339788,1,5,7,11,16,31,"Analamanga","EpiNow2-IPM-dat"
2020-06-08,"gp_rt",23,28.003,22.4220690012,3,12,18,27,38,72,"Analamanga","EpiNow2-IPM-dat"
2020-06-09,"gp_rt",22,27.87325,22.5281060750417,4,12,18,28,37,70,"Analamanga","EpiNow2-IPM-dat"
2020-06-10,"gp_rt",20,24.526,19.5361777111054,3,10,16,24,33,62,"Analamanga","EpiNow2-IPM-dat"
2020-06-11,"gp_rt",18,22.77325,19.0147764874772,3,10,15,22,30,58,"Analamanga","EpiNow2-IPM-dat"
2020-06-12,"gp_rt",25,31.7245,25.6381147509328,4,13,20,31,42,83,"Analamanga","EpiNow2-IPM-dat"
2020-06-13,"gp_rt",18,22.8055,18.9362170147236,3,9,14,22,30,60,"Analamanga","EpiNow2-IPM-dat"
2020-06-14,"gp_rt",14,17.74325,14.9248623885391,2,7,11,17,24,46,"Analamanga","EpiNow2-IPM-dat"
2020-06-15,"gp_rt",35,43.922,34.7577105202594,6,19,28,43,60,109.05,"Analamanga","EpiNow2-IPM-dat"
2020-06-16,"gp_rt",35,45.27125,38.2273593933592,6,19,28,44,60,119.05,"Analamanga","EpiNow2-IPM-dat"
2020-06-17,"gp_rt",32,40.87725,33.4630262524027,6,17,26,40,54,105.05,"Analamanga","EpiNow2-IPM-dat"
2020-06-18,"gp_rt",31,39.28025,32.2210685616153,5,16,25,38,53,102,"Analamanga","EpiNow2-IPM-dat"
2020-06-19,"gp_rt",46,58.46625,48.5614395821528,8,25,37,56,77,150,"Analamanga","EpiNow2-IPM-dat"
2020-06-20,"gp_rt",34,43.67625,35.8207651752714,5,19,28,42,58,113,"Analamanga","EpiNow2-IPM-dat"
2020-06-21,"gp_rt",28,34.49325,27.9620532783876,4,14.75,22,34,47,90,"Analamanga","EpiNow2-IPM-dat"
2020-06-22,"gp_rt",70,87.21775,71.4285961364495,12,37,55,85,115,226,"Analamanga","EpiNow2-IPM-dat"
2020-06-23,"gp_rt",75,94.79275,76.9951028241552,13,40,60,91,127,250.05,"Analamanga","EpiNow2-IPM-dat"
2020-06-24,"gp_rt",69,87.02825,69.3952799414848,12,37.75,55,84,118,222,"Analamanga","EpiNow2-IPM-dat"
2020-06-25,"gp_rt",67,82.9735,65.9739261942502,12,36,53,82,113,204.05,"Analamanga","EpiNow2-IPM-dat"
2020-06-26,"gp_rt",95,122.85075,99.4225813729417,16,52,77,119,165,326,"Analamanga","EpiNow2-IPM-dat"
2020-06-27,"gp_rt",73,90.8795,72.8222476286431,13,39,58,91,123,224,"Analamanga","EpiNow2-IPM-dat"
2020-06-28,"gp_rt",56,70.5815,56.1977437656628,10,31,45,69,94.25,182,"Analamanga","EpiNow2-IPM-dat"
2020-06-29,"gp_rt",138,171.924,135.417573467408,25,77,111,168,227,436.05,"Analamanga","EpiNow2-IPM-dat"
2020-06-30,"gp_rt",141,175.62175,140.554171214158,26,77,115,172,233.25,449,"Analamanga","EpiNow2-IPM-dat"
2020-07-01,"gp_rt",119,148.82125,116.54007978368,23,65,96,146,199.25,383,"Analamanga","EpiNow2-IPM-dat"
2020-07-02,"gp_rt",107,134.89275,107.712356465595,20,58,87,131,180,350.05,"Analamanga","EpiNow2-IPM-dat"
2020-07-03,"gp_rt",142.5,176.015,137.190584914371,26,77.75,116,174,237,446,"Analamanga","EpiNow2-IPM-dat"
2020-07-04,"gp_rt",97,119.341,94.8607761970941,17,51,77,117,158,301,"Analamanga","EpiNow2-IPM-dat"
2020-07-05,"gp_rt",68,84.26575,65.0780294294173,12,37,54,84,114,214,"Analamanga","EpiNow2-IPM-dat"
2020-07-06,"gp_rt",148,183.66,145.494785415649,25,84,119,181,246,456.05,"Analamanga","EpiNow2-IPM-dat"
2020-07-07,"gp_rt",132,167.43425,132.592480436881,24,74,107,163,224.25,429,"Analamanga","EpiNow2-IPM-dat"
2020-07-08,"gp_rt",105,132.22675,106.100611069658,20,58,86,130,175,328.05,"Analamanga","EpiNow2-IPM-dat"
2020-07-09,"gp_rt",86,108.33975,87.2591763707561,17,48,69.6000000000001,104,142,276,"Analamanga","EpiNow2-IPM-dat"
2020-07-10,"gp_rt",106,132.841,107.415854325328,19,54,84,130,180,340.05,"Analamanga","EpiNow2-IPM-dat"
2020-07-11,"gp_rt",67,84.3815,67.62550007072,12,36,53,82,113,217,"Analamanga","EpiNow2-IPM-dat"
2020-07-12,"gp_rt",45,56.47075,44.9191671486887,8,25,37,55,76,142,"Analamanga","EpiNow2-IPM-dat"
2020-07-13,"gp_rt",100,122.6285,98.4986547319099,17,53,79,120,165,305.05,"Analamanga","EpiNow2-IPM-dat"
2020-07-14,"gp_rt",87,107.3815,83.398290009113,16,48,70.6000000000001,105,143,271.05,"Analamanga","EpiNow2-IPM-dat"
2020-07-15,"gp_rt",66,83.71775,68.3967039572489,12,36,52,81,111,217,"Analamanga","EpiNow2-IPM-dat"
2020-07-16,"gp_rt",55,68.62225,55.6232958633177,9,29,45,67,92,175,"Analamanga","EpiNow2-IPM-dat"
2020-07-17,"gp_rt",66,83.33225,66.2263757361694,12,35,52,81,112,217,"Analamanga","EpiNow2-IPM-dat"
2020-07-18,"gp_rt",42.5,54.32,43.5842976053238,8,23,35,53,73,139,"Analamanga","EpiNow2-IPM-dat"
2020-07-19,"gp_rt",29,36.72775,30.9493310947313,5,15,23,35,48,94,"Analamanga","EpiNow2-IPM-dat"
2020-07-20,"gp_rt",61.5,79.1635,66.288696740688,11,35,50,75,104,210,"Analamanga","EpiNow2-IPM-dat"
2020-07-21,"gp_rt",57,72.45375,57.7068529826206,10,32,46,72,98,184,"Analamanga","EpiNow2-IPM-dat"
2020-07-22,"gp_rt",45,57.6615,46.925029646787,8,25,37,56,76,148,"Analamanga","EpiNow2-IPM-dat"
2020-07-23,"gp_rt",39,48.781,38.4181471118386,8,21,32,48,64,124,"Analamanga","EpiNow2-IPM-dat"
2020-07-24,"gp_rt",51,63.675,51.1523705829365,9,27,41,62,84,162.05,"Analamanga","EpiNow2-IPM-dat"
2020-07-25,"gp_rt",33,42.044,33.8072817167288,6,18,27,41,56,106,"Analamanga","EpiNow2-IPM-dat"
2020-07-26,"gp_rt",22,28.59375,23.2335890652459,4,12,18,28,38,73,"Analamanga","EpiNow2-IPM-dat"
2020-07-27,"gp_rt",52,63.9665,50.1945141431065,9,27,41,64,87,162,"Analamanga","EpiNow2-IPM-dat"
2020-07-28,"gp_rt",49,61.36775,50.3456272230531,8,27,40,60,81,157,"Analamanga","EpiNow2-IPM-dat"
2020-07-29,"gp_rt",39,49.693,40.2270344989056,7,21,31,49,67,127,"Analamanga","EpiNow2-IPM-dat"
2020-07-30,"gp_rt",35,43.8355,34.791256770012,7,20,28,42,59,111,"Analamanga","EpiNow2-IPM-dat"
2020-07-31,"gp_rt",45,55.9085,45.0630202793729,7,24,36,55,75,145,"Analamanga","EpiNow2-IPM-dat"
2020-08-01,"gp_rt",30,38.3775,30.6025427482042,5,17,25,38,51,99.0499999999997,"Analamanga","EpiNow2-IPM-dat"
2020-08-02,"gp_rt",21,26.58175,21.868101664413,3,11,17,26,35,69,"Analamanga","EpiNow2-IPM-dat"
2020-08-03,"gp_rt",49,60.9065,47.8119153827071,8,27,39,60,82,154,"Analamanga","EpiNow2-IPM-dat"
2020-08-04,"gp_rt",44.5,56.462,44.5773467240956,8,25,37,55,76,143.05,"Analamanga","EpiNow2-IPM-dat"
2020-08-05,"gp_rt",37,46.409,36.8362450072827,6,20.75,30,45,61,119,"Analamanga","EpiNow2-IPM-dat"
2020-08-06,"gp_rt",32,40.42,32.0330162259525,5,18,26,40,54,103,"Analamanga","EpiNow2-IPM-dat"
2020-08-07,"gp_rt",41,52.265,42.8276876296973,8,22,33,51,70,134,"Analamanga","EpiNow2-IPM-dat"
2020-08-08,"gp_rt",27,34.37025,27.8985617438309,5,15,22,33,46,93,"Analamanga","EpiNow2-IPM-dat"
2020-08-09,"gp_rt",19,24.1195,19.6884135510467,3,10,15,23,32,63,"Analamanga","EpiNow2-IPM-dat"
2020-08-10,"gp_rt",44,55.99375,44.6711382056093,8,24,37,55,75,142.05,"Analamanga","EpiNow2-IPM-dat"
2020-08-11,"gp_rt",42.5,52.3265,40.7667374150774,7,23,34,52,70,131,"Analamanga","EpiNow2-IPM-dat"
2020-08-12,"gp_rt",33,40.776,32.4328274449518,6,18,26,40,55,103,"Analamanga","EpiNow2-IPM-dat"
2020-08-13,"gp_rt",28,35.61775,28.4683112622444,5,15,23,35,48,90,"Analamanga","EpiNow2-IPM-dat"
2020-08-14,"gp_rt",37,45.636,35.9167371430333,6,20,29,45,62,114.05,"Analamanga","EpiNow2-IPM-dat"
2020-08-15,"gp_rt",24,30.09075,24.5736338441749,4,13,19,29,40,78,"Analamanga","EpiNow2-IPM-dat"
2020-08-16,"gp_rt",17,21.61125,17.8595174634845,3,9,14,21,29,56,"Analamanga","EpiNow2-IPM-dat"
2020-08-17,"gp_rt",38,47.69025,38.0020176210858,7,21,31,46,64,121,"Analamanga","EpiNow2-IPM-dat"
2020-08-18,"gp_rt",35,44.4405,36.1864936866137,6,19,29,43,59,115.05,"Analamanga","EpiNow2-IPM-dat"
2020-08-19,"gp_rt",29,36.0355,29.743224515865,5,15,23,35,49,93.0499999999997,"Analamanga","EpiNow2-IPM-dat"
2020-08-20,"gp_rt",25,31.16275,24.5898338225242,4,14,20,31,42,80,"Analamanga","EpiNow2-IPM-dat"
2020-08-21,"gp_rt",32,40.4165,31.8850465233775,6,18,26,39,54,101.05,"Analamanga","EpiNow2-IPM-dat"
2020-08-22,"gp_rt",20,26.0505,21.2635835349121,3,11,16,25,35,68,"Analamanga","EpiNow2-IPM-dat"
2020-08-23,"gp_rt",15,19.155,15.7085538693467,2,8,12,19,26,49,"Analamanga","EpiNow2-IPM-dat"
2020-08-24,"gp_rt",33,41.6385,33.8055915826889,6,18,27,41,55,107,"Analamanga","EpiNow2-IPM-dat"
2020-08-25,"gp_rt",31,39.034,30.9189640768396,6,17,25,38,52,100,"Analamanga","EpiNow2-IPM-dat"
2020-08-26,"gp_rt",25,31.28825,25.1674295830038,4,14,20,31,42,80,"Analamanga","EpiNow2-IPM-dat"
2020-08-27,"gp_rt",21,26.16825,20.6099644491724,3,11,17,26,35,67,"Analamanga","EpiNow2-IPM-dat"
2020-08-28,"gp_rt",27,33.09025,25.9701697600698,4,14,22,33,45,85,"Analamanga","EpiNow2-IPM-dat"
2020-08-29,"gp_rt",17,21.66675,17.5284627446062,3,9,14,22,30,55,"Analamanga","EpiNow2-IPM-dat"
2020-08-30,"gp_rt",12,15.08075,12.4131886012544,2,6,10,15,20,40,"Analamanga","EpiNow2-IPM-dat"
2020-08-31,"gp_rt",26,32.3045,25.4462896738315,4,14,21,32,44,83,"Analamanga","EpiNow2-IPM-dat"
2020-09-01,"gp_rt",23,29.712,24.5852224779658,4,12,19,29,40,77,"Analamanga","EpiNow2-IPM-dat"
2020-09-02,"gp_rt",18,22.98525,18.5813306547116,3,10,14,23,31,60,"Analamanga","EpiNow2-IPM-dat"
2020-09-03,"gp_rt",15,18.55825,15.5820186999051,2,8,12,18,25,49,"Analamanga","EpiNow2-IPM-dat"
2020-09-04,"gp_rt",18,22.70225,18.179472441247,3,9,14,23,31,57,"Analamanga","EpiNow2-IPM-dat"
2020-09-05,"gp_rt",11,14.2485,11.8004050837264,2,6,9,14,20,37,"Analamanga","EpiNow2-IPM-dat"
2020-09-06,"gp_rt",8,9.6435,8.18963828833871,1,3,6,9,13,26,"Analamanga","EpiNow2-IPM-dat"
2020-09-07,"gp_rt",16,20.0885,16.2103782139856,2.94999999999996,9,13,20,27,52,"Analamanga","EpiNow2-IPM-dat"
2020-09-08,"gp_rt",14,18.28275,15.680601798263,2,7,11,17,25,49,"Analamanga","EpiNow2-IPM-dat"
2020-09-09,"gp_rt",11,13.60275,11.2540928594455,1,6,8,13,19,35,"Analamanga","EpiNow2-IPM-dat"
2020-09-10,"gp_rt",9,11.1855,9.67563921653563,1,4,7,11,15,29,"Analamanga","EpiNow2-IPM-dat"
2020-09-11,"gp_rt",11,13.6695,11.342990593706,1,6,8.60000000000014,13,18,36.0499999999997,"Analamanga","EpiNow2-IPM-dat"
2020-09-12,"gp_rt",7,8.483,7.20153987311992,1,3,5,8,12,23,"Analamanga","EpiNow2-IPM-dat"
2020-09-13,"gp_rt",4,5.75775,5.15826684718004,0,2,3,6,8,16,"Analamanga","EpiNow2-IPM-dat"
2020-09-14,"gp_rt",10,12.286,10.3882714176017,1,5,8,12,17,32,"Analamanga","EpiNow2-IPM-dat"
2020-09-15,"gp_rt",8,10.3615,8.92867560515083,1,4,6,10,14,27,"Analamanga","EpiNow2-IPM-dat"
2020-09-16,"gp_rt",6,8.00675,6.98855596071921,0,3,5,8,11,21,"Analamanga","EpiNow2-IPM-dat"
2020-09-17,"gp_rt",5,6.3415,5.58190533481102,0,2,4,6,9,17,"Analamanga","EpiNow2-IPM-dat"
2020-09-18,"gp_rt",6,7.59025,6.54110475763556,1,3,5,7,10,20,"Analamanga","EpiNow2-IPM-dat"
2020-09-19,"gp_rt",4,4.72475,4.27978580996115,0,2,3,5,7,13,"Analamanga","EpiNow2-IPM-dat"
2020-09-20,"gp_rt",2,3.018,2.97050197281413,0,1,2,3,4,9,"Analamanga","EpiNow2-IPM-dat"
2020-09-21,"gp_rt",5,6.18875,5.64442985026687,0,2,4,6,9,16,"Analamanga","EpiNow2-IPM-dat"
2020-09-22,"gp_rt",4,5.37375,4.88825476997405,0,2,3,5,7,15,"Analamanga","EpiNow2-IPM-dat"
2020-09-23,"gp_rt",3,3.8245,3.57440818156826,0,1,2,4,5,11,"Analamanga","EpiNow2-IPM-dat"
2020-09-24,"gp_rt",2,2.92225,2.94802945319653,0,1,2,3,4,9,"Analamanga","EpiNow2-IPM-dat"
2020-09-25,"gp_rt",3,3.3745,3.2092560790852,0,1,2,3,5,10,"Analamanga","EpiNow2-IPM-dat"
2020-09-26,"gp_rt",1,1.9425,2.05712218594861,0,0,1,2,3,6,"Analamanga","EpiNow2-IPM-dat"
2020-09-27,"gp_rt",1,1.223,1.50543601139208,0,0,0,1,2,4,"Analamanga","EpiNow2-IPM-dat"
2020-09-28,"gp_rt",2,2.322,2.38825081084125,0,1,1,2,3,7,"Analamanga","EpiNow2-IPM-dat"
2020-09-29,"gp_rt",1,1.902,2.09093017512525,0,0,1,2,3,6,"Analamanga","EpiNow2-IPM-dat"
2020-09-30,"gp_rt",1,1.33175,1.63565301262047,0,0,1,1,2,5,"Analamanga","EpiNow2-IPM-dat"
2020-10-01,"gp_rt",1,0.9685,1.3326483924631,0,0,0,1,1,3,"Analamanga","EpiNow2-IPM-dat"
2020-10-02,"gp_rt",1,1.059,1.36381230233453,0,0,0,1,2,4,"Analamanga","EpiNow2-IPM-dat"
2020-10-03,"gp_rt",0,0.581,0.914958079406793,0,0,0,0,1,2,"Analamanga","EpiNow2-IPM-dat"
2020-10-04,"gp_rt",0,0.35725,0.715716773678689,0,0,0,0,1,2,"Analamanga","EpiNow2-IPM-dat"
2020-10-05,"gp_rt",0,0.672,1.06240207762581,0,0,0,1,1,3,"Analamanga","EpiNow2-IPM-dat"
2020-10-06,"gp_rt",0,0.5465,0.936780197957248,0,0,0,0,1,2,"Analamanga","EpiNow2-IPM-dat"
2020-10-07,"gp_rt",0,0.38625,0.75511819496824,0,0,0,0,1,2,"Analamanga","EpiNow2-IPM-dat"
2020-10-08,"gp_rt",0,0.3025,0.673503639030961,0,0,0,0,0,2,"Analamanga","EpiNow2-IPM-dat"
2020-10-09,"gp_rt",0,0.3255,0.715316481997552,0,0,0,0,0,2,"Analamanga","EpiNow2-IPM-dat"
2020-10-10,"gp_rt",0,0.172,0.459857442276195,0,0,0,0,0,1,"Analamanga","EpiNow2-IPM-dat"
2020-10-11,"gp_rt",0,0.12175,0.379424469732855,0,0,0,0,0,1,"Analamanga","EpiNow2-IPM-dat"
2020-10-12,"gp_rt",0,0.244,0.610784138887119,0,0,0,0,0,1,"Analamanga","EpiNow2-IPM-dat"
2020-10-13,"gp_rt",0,0.1915,0.545804200750039,0,0,0,0,0,1,"Analamanga","EpiNow2-IPM-dat"
2020-10-14,"gp_rt",0,0.15125,0.451579913863151,0,0,0,0,0,1,"Analamanga","EpiNow2-IPM-dat"
2020-03-26,"gp_rt",1,1.784,2.34887703080141,0,0,1,1,3,6,"Atsinanana","EpiNow2-IPM-dat"
2020-03-27,"gp_rt",1,1.55475,2.16348621572947,0,0,1,1,2,6,"Atsinanana","EpiNow2-IPM-dat"
2020-03-28,"gp_rt",1,1.13875,1.73759985347971,0,0,0,1,2,4,"Atsinanana","EpiNow2-IPM-dat"
2020-03-29,"gp_rt",0,0.8385,1.3745508712028,0,0,0,1,1,3,"Atsinanana","EpiNow2-IPM-dat"
2020-03-30,"gp_rt",1,2.395,3.03039119879009,0,0,1,2,3,8,"Atsinanana","EpiNow2-IPM-dat"
2020-03-31,"gp_rt",1,1.68125,2.32894921340283,0,0,1,1,2,6,"Atsinanana","EpiNow2-IPM-dat"
2020-04-01,"gp_rt",1,1.88225,2.52912713371919,0,0,1,2,3,7,"Atsinanana","EpiNow2-IPM-dat"
2020-04-02,"gp_rt",2,2.608,3.20459098027154,0,0,1,2,4,9,"Atsinanana","EpiNow2-IPM-dat"
2020-04-03,"gp_rt",1,1.9185,2.54842723465721,0,0,1,2,3,7,"Atsinanana","EpiNow2-IPM-dat"
2020-04-04,"gp_rt",1,1.178,1.62802905983122,0,0,0,1,2,4,"Atsinanana","EpiNow2-IPM-dat"
2020-04-05,"gp_rt",0,0.84425,1.34571344411372,0,0,0,1,1,3,"Atsinanana","EpiNow2-IPM-dat"
2020-04-06,"gp_rt",1,2.36375,3.07112257749043,0,0,1,2,3,8,"Atsinanana","EpiNow2-IPM-dat"
2020-04-07,"gp_rt",1,1.5725,2.10365160792415,0,0,1,1,2,6,"Atsinanana","EpiNow2-IPM-dat"
2020-04-08,"gp_rt",1,2.041,2.78186155090833,0,0,1,2,3,7,"Atsinanana","EpiNow2-IPM-dat"
2020-04-09,"gp_rt",2,2.81925,3.4322768782023,0,0,1,3,4,9.04999999999973,"Atsinanana","EpiNow2-IPM-dat"
2020-04-10,"gp_rt",1,2.043,2.70951773782585,0,0,1,2,3,7,"Atsinanana","EpiNow2-IPM-dat"
2020-04-11,"gp_rt",1,1.21175,1.79017125319868,0,0,0,1,2,5,"Atsinanana","EpiNow2-IPM-dat"
2020-04-12,"gp_rt",0,0.90225,1.37064386463111,0,0,0,1,1,4,"Atsinanana","EpiNow2-IPM-dat"
2020-04-13,"gp_rt",2,2.48125,3.04531885510078,0,0,1,2,4,8,"Atsinanana","EpiNow2-IPM-dat"
2020-04-14,"gp_rt",1,1.80875,2.40585129790203,0,0,1,2,3,6,"Atsinanana","EpiNow2-IPM-dat"
2020-04-15,"gp_rt",1,2.1445,2.85432243082921,0,0,1,2,3,7,"Atsinanana","EpiNow2-IPM-dat"
2020-04-16,"gp_rt",2,3.02075,3.76720949833575,0,0,1,3,4,10,"Atsinanana","EpiNow2-IPM-dat"
2020-04-17,"gp_rt",1,2.22725,2.92732809058662,0,0,1,2,3,8,"Atsinanana","EpiNow2-IPM-dat"
2020-04-18,"gp_rt",1,1.35475,1.88249525486683,0,0,0,1,2,5,"Atsinanana","EpiNow2-IPM-dat"
2020-04-19,"gp_rt",1,1.06925,1.60362007247172,0,0,0,1,2,4,"Atsinanana","EpiNow2-IPM-dat"
2020-04-20,"gp_rt",2,2.961,3.63025807531963,0,0,1,3,4,10,"Atsinanana","EpiNow2-IPM-dat"
2020-04-21,"gp_rt",1,2.2495,2.86143263054974,0,0,1,2,3,8,"Atsinanana","EpiNow2-IPM-dat"
2020-04-22,"gp_rt",2,2.92025,3.61969135132676,0,0,1,3,4,10,"Atsinanana","EpiNow2-IPM-dat"
2020-04-23,"gp_rt",3,4.137,5.08637383601519,0,1,2,4,6,13,"Atsinanana","EpiNow2-IPM-dat"
2020-04-24,"gp_rt",2,3.41625,4.35019735089662,0,1,1,3,5,12,"Atsinanana","EpiNow2-IPM-dat"
2020-04-25,"gp_rt",1,2.18575,2.87798847146935,0,0,1,2,3,8,"Atsinanana","EpiNow2-IPM-dat"
2020-04-26,"gp_rt",1,1.7685,2.48283081626911,0,0,1,1,2,6,"Atsinanana","EpiNow2-IPM-dat"
2020-04-27,"gp_rt",3,5.3055,6.50244109431575,0,1,2,5,7,17,"Atsinanana","EpiNow2-IPM-dat"
2020-04-28,"gp_rt",3,4.38375,5.27730503425813,0,1,2,4,6,15,"Atsinanana","EpiNow2-IPM-dat"
2020-04-29,"gp_rt",4,5.99,7.19637734987128,0,1,3,5,8,20,"Atsinanana","EpiNow2-IPM-dat"
2020-04-30,"gp_rt",6,8.70225,9.88167530402631,0,2,4,8,12,27,"Atsinanana","EpiNow2-IPM-dat"
2020-05-01,"gp_rt",5,7.3915,8.15364018166444,0,2,3,7,10,23,"Atsinanana","EpiNow2-IPM-dat"
2020-05-02,"gp_rt",3,5.145,5.88180447702714,0,1,2,5,7,17,"Atsinanana","EpiNow2-IPM-dat"
2020-05-03,"gp_rt",3,4.409,5.56425729453716,0,1,2,4,6,15,"Atsinanana","EpiNow2-IPM-dat"
2020-05-04,"gp_rt",9,13.63,15.5172741307587,0,3,6,12,19,41.0499999999997,"Atsinanana","EpiNow2-IPM-dat"
2020-05-05,"gp_rt",7,11.245,12.6427423739347,0,3,5,10,15,35,"Atsinanana","EpiNow2-IPM-dat"
2020-05-06,"gp_rt",10,15.24225,16.1973810761472,0,4,7,13,21,48,"Atsinanana","EpiNow2-IPM-dat"
2020-05-07,"gp_rt",15,24.2695,27.7440228238555,1,6,11,21,33,76,"Atsinanana","EpiNow2-IPM-dat"
2020-05-08,"gp_rt",13,19.55375,21.4257059663512,1,5,10,18,26,60,"Atsinanana","EpiNow2-IPM-dat"
2020-05-09,"gp_rt",9,13.80075,15.3905577142022,0,4,6,12,19,42.0499999999997,"Atsinanana","EpiNow2-IPM-dat"
2020-05-10,"gp_rt",7,11.08475,12.5785779241196,0,3,5,10,15,35,"Atsinanana","EpiNow2-IPM-dat"
2020-05-11,"gp_rt",22,33.12175,36.8943522133647,1,9,16,29,44,103,"Atsinanana","EpiNow2-IPM-dat"
2020-05-12,"gp_rt",17,25.8625,28.8289415469538,1,7,13,22,34,81,"Atsinanana","EpiNow2-IPM-dat"
2020-05-13,"gp_rt",22,33.79,36.8903052800585,1,9,16,30,46,102,"Atsinanana","EpiNow2-IPM-dat"
2020-05-14,"gp_rt",33,50.50125,55.3413106422625,2,14,24,44,68,156,"Atsinanana","EpiNow2-IPM-dat"
2020-05-15,"gp_rt",27,39.973,42.7738959243034,2,11,20,35.4000000000001,53,122,"Atsinanana","EpiNow2-IPM-dat"
2020-05-16,"gp_rt",17,26.77275,30.2978893317998,1,7,12,23,36,84,"Atsinanana","EpiNow2-IPM-dat"
2020-05-17,"gp_rt",13,20.02475,21.9759043620651,1,5,10,17,27,64,"Atsinanana","EpiNow2-IPM-dat"
2020-05-18,"gp_rt",38,56.85225,60.4796442348927,3,16,28,50,76,176,"Atsinanana","EpiNow2-IPM-dat"
2020-05-19,"gp_rt",28,42.422,46.7678332142498,2,12,20,37,56,136,"Atsinanana","EpiNow2-IPM-dat"
2020-05-20,"gp_rt",36,53.66575,57.7586057750078,2,15,27,47,72,165.05,"Atsinanana","EpiNow2-IPM-dat"
2020-05-21,"gp_rt",51,76.46775,81.701099915297,3,22,38,67,103,229,"Atsinanana","EpiNow2-IPM-dat"
2020-05-22,"gp_rt",39,58.02925,62.2876378737826,3,16,29,51,78.25,174,"Atsinanana","EpiNow2-IPM-dat"
2020-05-23,"gp_rt",22,34.38,39.9918108646515,1,9,17,29,45,108,"Atsinanana","EpiNow2-IPM-dat"
2020-05-24,"gp_rt",17,24.90675,27.4642608828995,1,7,12,22,33,79.0499999999997,"Atsinanana","EpiNow2-IPM-dat"
2020-05-25,"gp_rt",46,68.4085,73.6765137945684,3,19,33,61,92,212,"Atsinanana","EpiNow2-IPM-dat"
2020-05-26,"gp_rt",32,47.82875,51.1720242657486,2,13,24,42,64,149.05,"Atsinanana","EpiNow2-IPM-dat"
2020-05-27,"gp_rt",39,59.16225,64.0300116002948,3,16,29,53,79,184.05,"Atsinanana","EpiNow2-IPM-dat"
2020-05-28,"gp_rt",51,77.551,85.1800699112035,4,22,38,67,103,242,"Atsinanana","EpiNow2-IPM-dat"
2020-05-29,"gp_rt",35,53.477,57.1787401319824,3,15,26,47,72,162.05,"Atsinanana","EpiNow2-IPM-dat"
2020-05-30,"gp_rt",22,32.6925,35.2263845475529,1,9,16,29,44,101,"Atsinanana","EpiNow2-IPM-dat"
2020-05-31,"gp_rt",14,22.35975,24.6903267089715,1,6,11,20,31,69,"Atsinanana","EpiNow2-IPM-dat"
2020-06-01,"gp_rt",38,58.34,63.4709149080098,3,16,28,52,79,180,"Atsinanana","EpiNow2-IPM-dat"
2020-06-02,"gp_rt",26,38.6845,41.4109849818776,1,11,19,34,52,121,"Atsinanana","EpiNow2-IPM-dat"
2020-06-03,"gp_rt",28,43.52625,47.5340791759794,2,12,21,37,58,139,"Atsinanana","EpiNow2-IPM-dat"
2020-06-04,"gp_rt",38,56.9455,62.709518022886,3,15,28,50,77,172.05,"Atsinanana","EpiNow2-IPM-dat"
2020-06-05,"gp_rt",24.5,36.99125,41.1297226705851,2,10,18,32,49,115,"Atsinanana","EpiNow2-IPM-dat"
2020-06-06,"gp_rt",14,20.42075,20.9679787645559,1,6,10,19,28,61,"Atsinanana","EpiNow2-IPM-dat"
2020-06-07,"gp_rt",9,14.09075,16.2078896948242,0,4,7,12,19,44,"Atsinanana","EpiNow2-IPM-dat"
2020-06-08,"gp_rt",23,35.2715,39.276983821502,1,10,17,31,47,108,"Atsinanana","EpiNow2-IPM-dat"
2020-06-09,"gp_rt",15,23.2045,25.258665439705,1,6,12,20,31,72,"Atsinanana","EpiNow2-IPM-dat"
2020-06-10,"gp_rt",16,24.604,27.1838173180478,1,7,12,22,33,75,"Atsinanana","EpiNow2-IPM-dat"
2020-06-11,"gp_rt",20,30.30775,34.5980967252789,1,8,15,27,41,91,"Atsinanana","EpiNow2-IPM-dat"
2020-06-12,"gp_rt",14,20.37375,21.9619476076959,1,5,10,18,28,63,"Atsinanana","EpiNow2-IPM-dat"
2020-06-13,"gp_rt",7,11.2005,12.190547654352,0,3,5,10,15,35,"Atsinanana","EpiNow2-IPM-dat"
2020-06-14,"gp_rt",4,7.20775,8.53219136622459,0,2,3,6,9,24,"Atsinanana","EpiNow2-IPM-dat"
2020-06-15,"gp_rt",12,18.4375,21.5298160000091,1,5,8,16,24,59,"Atsinanana","EpiNow2-IPM-dat"
2020-06-16,"gp_rt",7,11.5975,13.3437628782865,0,3,5,10,15,37,"Atsinanana","EpiNow2-IPM-dat"
2020-06-17,"gp_rt",8,12.889,14.3385870213715,0,3,6,11,17,40,"Atsinanana","EpiNow2-IPM-dat"
2020-06-18,"gp_rt",10,15.65625,17.6339395738367,0,4,7,13,21,50,"Atsinanana","EpiNow2-IPM-dat"
2020-06-19,"gp_rt",7,10.42925,12.1098578274747,0,2,5,9,14,34,"Atsinanana","EpiNow2-IPM-dat"
2020-06-20,"gp_rt",3,5.55575,6.54405058713804,0,1,3,5,8,18,"Atsinanana","EpiNow2-IPM-dat"
2020-06-21,"gp_rt",2,3.94925,4.74761091390685,0,1,2,3,5,13,"Atsinanana","EpiNow2-IPM-dat"
2020-06-22,"gp_rt",7,10.03575,11.2718559084742,0,3,5,9,14,31,"Atsinanana","EpiNow2-IPM-dat"
2020-06-23,"gp_rt",4,6.494,7.73433377736861,0,1,3,6,9,21,"Atsinanana","EpiNow2-IPM-dat"
2020-06-24,"gp_rt",4,7.2205,8.68690078862006,0,2,3,6,10,23,"Atsinanana","EpiNow2-IPM-dat"
2020-06-25,"gp_rt",6,9.3155,10.9616604239418,0,2,4,8,12,31,"Atsinanana","EpiNow2-IPM-dat"
2020-06-26,"gp_rt",4,6.89575,8.04273295129407,0,2,3,6,9,22,"Atsinanana","EpiNow2-IPM-dat"
2020-06-27,"gp_rt",2,3.7545,4.6338534611568,0,1,2,3,5,12,"Atsinanana","EpiNow2-IPM-dat"
2020-06-28,"gp_rt",2,2.6685,3.4465312118634,0,0,1,2,4,9,"Atsinanana","EpiNow2-IPM-dat"
2020-06-29,"gp_rt",4,6.8625,8.18567926847073,0,2,3,6,9,22,"Atsinanana","EpiNow2-IPM-dat"
2020-06-30,"gp_rt",3,4.5025,5.39859055170757,0,1,2,4,6,15,"Atsinanana","EpiNow2-IPM-dat"
2020-07-01,"gp_rt",3,5.1165,6.02125332658457,0,1,2,4,7,16,"Atsinanana","EpiNow2-IPM-dat"
2020-07-02,"gp_rt",5,7.162,8.09577923428947,0,2,3,6,10,23,"Atsinanana","EpiNow2-IPM-dat"
2020-07-03,"gp_rt",3,4.9875,6.33414351696608,0,1,2,4,7,17,"Atsinanana","EpiNow2-IPM-dat"
2020-07-04,"gp_rt",2,2.75475,3.41467676974856,0,0,1,2,4,10,"Atsinanana","EpiNow2-IPM-dat"
2020-07-05,"gp_rt",1,1.9325,2.59771645540765,0,0,1,2,3,7,"Atsinanana","EpiNow2-IPM-dat"
2020-07-06,"gp_rt",3,5.07625,5.94691326503468,0,1,2,4,7,17,"Atsinanana","EpiNow2-IPM-dat"
2020-07-07,"gp_rt",2,3.39625,4.04682964121746,0,1,1,3,5,11,"Atsinanana","EpiNow2-IPM-dat"
2020-07-08,"gp_rt",3,3.9385,4.63379820141564,0,1,2,3,6,13,"Atsinanana","EpiNow2-IPM-dat"
2020-07-09,"gp_rt",3,5.03825,5.74452233190066,0,1,2,4,7,16,"Atsinanana","EpiNow2-IPM-dat"
2020-07-10,"gp_rt",2,3.39375,4.31374118698109,0,1,1,3,5,12,"Atsinanana","EpiNow2-IPM-dat"
2020-07-11,"gp_rt",1,1.902,2.55783729601948,0,0,1,2,3,7,"Atsinanana","EpiNow2-IPM-dat"
2020-07-12,"gp_rt",1,1.1975,1.75121684554199,0,0,0,1,2,5,"Atsinanana","EpiNow2-IPM-dat"
2020-07-13,"gp_rt",2,2.9945,3.70667028492558,0,0,1,3,4,10,"Atsinanana","EpiNow2-IPM-dat"
2020-07-14,"gp_rt",1,1.9155,2.5636893095145,0,0,1,2,3,7,"Atsinanana","EpiNow2-IPM-dat"
2020-07-15,"gp_rt",1,1.966,2.59663814044393,0,0,1,2,3,7,"Atsinanana","EpiNow2-IPM-dat"
2020-07-16,"gp_rt",1,2.38425,3.12074297190175,0,0,1,2,3,8,"Atsinanana","EpiNow2-IPM-dat"
2020-07-17,"gp_rt",1,1.49775,2.06762271786365,0,0,0,1,2,6,"Atsinanana","EpiNow2-IPM-dat"
2020-07-18,"gp_rt",0,0.75675,1.22574673210367,0,0,0,1,1,3,"Atsinanana","EpiNow2-IPM-dat"
2020-07-19,"gp_rt",0,0.46075,0.881563228549991,0,0,0,0,1,2,"Atsinanana","EpiNow2-IPM-dat"
2020-07-20,"gp_rt",1,1.0435,1.51134999080249,0,0,0,1,2,4,"Atsinanana","EpiNow2-IPM-dat"
2020-07-21,"gp_rt",0,0.635,1.0876905661501,0,0,0,0,1,3,"Atsinanana","EpiNow2-IPM-dat"
2020-07-22,"gp_rt",0,0.6295,1.09842222430435,0,0,0,0,1,3,"Atsinanana","EpiNow2-IPM-dat"
2020-07-23,"gp_rt",0,0.7065,1.20943103600731,0,0,0,0,1,3,"Atsinanana","EpiNow2-IPM-dat"
2020-07-24,"gp_rt",0,0.4255,0.827115941204768,0,0,0,0,1,2,"Atsinanana","EpiNow2-IPM-dat"
2020-07-25,"gp_rt",0,0.2195,0.566480339459145,0,0,0,0,0,1,"Atsinanana","EpiNow2-IPM-dat"
2020-07-26,"gp_rt",0,0.13225,0.412677250558208,0,0,0,0,0,1,"Atsinanana","EpiNow2-IPM-dat"
2020-07-27,"gp_rt",0,0.29575,0.665125954713773,0,0,0,0,0,2,"Atsinanana","EpiNow2-IPM-dat"
2020-07-28,"gp_rt",0,0.1615,0.462029347314048,0,0,0,0,0,1,"Atsinanana","EpiNow2-IPM-dat"
2020-07-29,"gp_rt",0,0.16,0.460383522996927,0,0,0,0,0,1,"Atsinanana","EpiNow2-IPM-dat"
2020-07-30,"gp_rt",0,0.16575,0.486658141344244,0,0,0,0,0,1,"Atsinanana","EpiNow2-IPM-dat"
2020-07-31,"gp_rt",0,0.10175,0.354158572638929,0,0,0,0,0,1,"Atsinanana","EpiNow2-IPM-dat"
2020-08-01,"gp_rt",0,0.0525,0.248513962982866,0,0,0,0,0,0,"Atsinanana","EpiNow2-IPM-dat"
2020-08-02,"gp_rt",0,0.0295,0.184765485335175,0,0,0,0,0,0,"Atsinanana","EpiNow2-IPM-dat"
2020-08-03,"gp_rt",0,0.067,0.27573539399554,0,0,0,0,0,1,"Atsinanana","EpiNow2-IPM-dat"
2020-08-04,"gp_rt",0,0.03475,0.196346824570401,0,0,0,0,0,0,"Atsinanana","EpiNow2-IPM-dat"
2020-08-05,"gp_rt",0,0.033,0.20474735741907,0,0,0,0,0,0,"Atsinanana","EpiNow2-IPM-dat"
2020-08-06,"gp_rt",0,0.038,0.205101235074675,0,0,0,0,0,0,"Atsinanana","EpiNow2-IPM-dat"
2020-08-07,"gp_rt",0,0.02425,0.160213465690769,0,0,0,0,0,0,"Atsinanana","EpiNow2-IPM-dat"
2020-08-08,"gp_rt",0,0.01475,0.122622169892468,0,0,0,0,0,0,"Atsinanana","EpiNow2-IPM-dat"
2020-08-09,"gp_rt",0,0.0065,0.0803701738284191,0,0,0,0,0,0,"Atsinanana","EpiNow2-IPM-dat"
2020-08-10,"gp_rt",0,0.01675,0.130283079946055,0,0,0,0,0,0,"Atsinanana","EpiNow2-IPM-dat"
2020-08-11,"gp_rt",0,0.01,0.109100759593763,0,0,0,0,0,0,"Atsinanana","EpiNow2-IPM-dat"
2020-08-12,"gp_rt",0,0.0105,0.104367011638159,0,0,0,0,0,0,"Atsinanana","EpiNow2-IPM-dat"
2020-08-13,"gp_rt",0,0.01375,0.122738354542983,0,0,0,0,0,0,"Atsinanana","EpiNow2-IPM-dat"
2020-08-14,"gp_rt",0,0.007,0.0833830809250062,0,0,0,0,0,0,"Atsinanana","EpiNow2-IPM-dat"
2020-08-15,"gp_rt",0,0.004,0.0631268266988153,0,0,0,0,0,0,"Atsinanana","EpiNow2-IPM-dat"
2020-08-16,"gp_rt",0,0.00225,0.0473866951234065,0,0,0,0,0,0,"Atsinanana","EpiNow2-IPM-dat"
2020-08-17,"gp_rt",0,0.0075,0.097191108275819,0,0,0,0,0,0,"Atsinanana","EpiNow2-IPM-dat"
2020-08-18,"gp_rt",0,0.0025,0.0499437042418596,0,0,0,0,0,0,"Atsinanana","EpiNow2-IPM-dat"
2020-08-19,"gp_rt",0,0.00425,0.0650614766888766,0,0,0,0,0,0,"Atsinanana","EpiNow2-IPM-dat"
2020-08-20,"gp_rt",0,0.00525,0.075656252002837,0,0,0,0,0,0,"Atsinanana","EpiNow2-IPM-dat"
2020-08-21,"gp_rt",0,0.00225,0.0473866951234065,0,0,0,0,0,0,"Atsinanana","EpiNow2-IPM-dat"
2020-08-22,"gp_rt",0,0.00075,0.0273792787747697,0,0,0,0,0,0,"Atsinanana","EpiNow2-IPM-dat"
2020-08-23,"gp_rt",0,0.001,0.0316109128696581,0,0,0,0,0,0,"Atsinanana","EpiNow2-IPM-dat"
2020-08-24,"gp_rt",0,0.00325,0.0569231724510368,0,0,0,0,0,0,"Atsinanana","EpiNow2-IPM-dat"
2020-08-25,"gp_rt",0,5e-04,0.022357883816278,0,0,0,0,0,0,"Atsinanana","EpiNow2-IPM-dat"
2020-08-26,"gp_rt",0,0.00075,0.0273792787747697,0,0,0,0,0,0,"Atsinanana","EpiNow2-IPM-dat"
2020-08-27,"gp_rt",0,0.00175,0.0418016069498039,0,0,0,0,0,0,"Atsinanana","EpiNow2-IPM-dat"
2020-08-28,"gp_rt",0,0.00075,0.0273792787747697,0,0,0,0,0,0,"Atsinanana","EpiNow2-IPM-dat"
2020-08-29,"gp_rt",0,0,0,0,0,0,0,0,0,"Atsinanana","EpiNow2-IPM-dat"
2020-08-30,"gp_rt",0,0.00025,0.0158113883008419,0,0,0,0,0,0,"Atsinanana","EpiNow2-IPM-dat"
2020-08-31,"gp_rt",0,0.00075,0.0273792787747697,0,0,0,0,0,0,"Atsinanana","EpiNow2-IPM-dat"
2020-09-01,"gp_rt",0,0.00025,0.0158113883008419,0,0,0,0,0,0,"Atsinanana","EpiNow2-IPM-dat"
2020-09-02,"gp_rt",0,0,0,0,0,0,0,0,0,"Atsinanana","EpiNow2-IPM-dat"
2020-09-03,"gp_rt",0,0.00025,0.0158113883008419,0,0,0,0,0,0,"Atsinanana","EpiNow2-IPM-dat"
2020-09-04,"gp_rt",0,0.001,0.0316109128696581,0,0,0,0,0,0,"Atsinanana","EpiNow2-IPM-dat"
2020-09-05,"gp_rt",0,0,0,0,0,0,0,0,0,"Atsinanana","EpiNow2-IPM-dat"
2020-09-06,"gp_rt",0,0,0,0,0,0,0,0,0,"Atsinanana","EpiNow2-IPM-dat"
2020-09-07,"gp_rt",0,0.001,0.0316109128696581,0,0,0,0,0,0,"Atsinanana","EpiNow2-IPM-dat"
2020-09-08,"gp_rt",0,0.00075,0.0273792787747697,0,0,0,0,0,0,"Atsinanana","EpiNow2-IPM-dat"
2020-09-09,"gp_rt",0,0.00025,0.0158113883008419,0,0,0,0,0,0,"Atsinanana","EpiNow2-IPM-dat"
2020-09-10,"gp_rt",0,5e-04,0.022357883816278,0,0,0,0,0,0,"Atsinanana","EpiNow2-IPM-dat"
2020-09-11,"gp_rt",0,0.00075,0.0353518024644341,0,0,0,0,0,0,"Atsinanana","EpiNow2-IPM-dat"
2020-09-12,"gp_rt",0,0.00025,0.0158113883008419,0,0,0,0,0,0,"Atsinanana","EpiNow2-IPM-dat"
2020-09-13,"gp_rt",0,0,0,0,0,0,0,0,0,"Atsinanana","EpiNow2-IPM-dat"
2020-09-14,"gp_rt",0,5e-04,0.022357883816278,0,0,0,0,0,0,"Atsinanana","EpiNow2-IPM-dat"
2020-09-15,"gp_rt",0,0,0,0,0,0,0,0,0,"Atsinanana","EpiNow2-IPM-dat"
2020-09-16,"gp_rt",0,0,0,0,0,0,0,0,0,"Atsinanana","EpiNow2-IPM-dat"
2020-09-17,"gp_rt",0,0.00025,0.0158113883008419,0,0,0,0,0,0,"Atsinanana","EpiNow2-IPM-dat"
2020-09-18,"gp_rt",0,0.00025,0.0158113883008419,0,0,0,0,0,0,"Atsinanana","EpiNow2-IPM-dat"
2020-09-19,"gp_rt",0,0.00025,0.0158113883008419,0,0,0,0,0,0,"Atsinanana","EpiNow2-IPM-dat"
2020-09-20,"gp_rt",0,0.00025,0.0158113883008419,0,0,0,0,0,0,"Atsinanana","EpiNow2-IPM-dat"
2020-09-21,"gp_rt",0,0.00025,0.0158113883008419,0,0,0,0,0,0,"Atsinanana","EpiNow2-IPM-dat"
2020-09-22,"gp_rt",0,0.00025,0.0158113883008419,0,0,0,0,0,0,"Atsinanana","EpiNow2-IPM-dat"
2020-09-23,"gp_rt",0,0.00025,0.0158113883008419,0,0,0,0,0,0,"Atsinanana","EpiNow2-IPM-dat"
2020-09-24,"gp_rt",0,0.00025,0.0158113883008419,0,0,0,0,0,0,"Atsinanana","EpiNow2-IPM-dat"
2020-09-25,"gp_rt",0,0,0,0,0,0,0,0,0,"Atsinanana","EpiNow2-IPM-dat"
2020-09-26,"gp_rt",0,0.00025,0.0158113883008419,0,0,0,0,0,0,"Atsinanana","EpiNow2-IPM-dat"
2020-09-27,"gp_rt",0,0,0,0,0,0,0,0,0,"Atsinanana","EpiNow2-IPM-dat"
2020-09-28,"gp_rt",0,0.00025,0.0158113883008419,0,0,0,0,0,0,"Atsinanana","EpiNow2-IPM-dat"
2020-09-29,"gp_rt",0,0.00075,0.0273792787747697,0,0,0,0,0,0,"Atsinanana","EpiNow2-IPM-dat"
2020-09-30,"gp_rt",0,0.00125,0.0353376525454345,0,0,0,0,0,0,"Atsinanana","EpiNow2-IPM-dat"
2020-10-01,"gp_rt",0,5e-04,0.022357883816278,0,0,0,0,0,0,"Atsinanana","EpiNow2-IPM-dat"
2020-10-02,"gp_rt",0,0.00175,0.0524177871156493,0,0,0,0,0,0,"Atsinanana","EpiNow2-IPM-dat"
2020-10-03,"gp_rt",0,0.00075,0.0353518024644341,0,0,0,0,0,0,"Atsinanana","EpiNow2-IPM-dat"
2020-10-04,"gp_rt",0,0.00025,0.0158113883008419,0,0,0,0,0,0,"Atsinanana","EpiNow2-IPM-dat"
2020-10-05,"gp_rt",0,0.00175,0.0474077986711439,0,0,0,0,0,0,"Atsinanana","EpiNow2-IPM-dat"
2020-10-06,"gp_rt",0,0.001,0.0387217618879995,0,0,0,0,0,0,"Atsinanana","EpiNow2-IPM-dat"
2020-10-07,"gp_rt",0,0.00175,0.0474077986711439,0,0,0,0,0,0,"Atsinanana","EpiNow2-IPM-dat"
2020-10-08,"gp_rt",0,0.00225,0.0612035453915222,0,0,0,0,0,0,"Atsinanana","EpiNow2-IPM-dat"
2020-10-09,"gp_rt",0,0.004,0.0865209308079089,0,0,0,0,0,0,"Atsinanana","EpiNow2-IPM-dat"
2020-10-10,"gp_rt",0,0.00425,0.0986629165024691,0,0,0,0,0,0,"Atsinanana","EpiNow2-IPM-dat"
2020-10-11,"gp_rt",0,0.011,0.261526478630284,0,0,0,0,0,0,"Atsinanana","EpiNow2-IPM-dat"
2020-10-12,"gp_rt",0,0.04075,0.960374935899712,0,0,0,0,0,0,"Atsinanana","EpiNow2-IPM-dat"
2020-10-13,"gp_rt",0,0.05675,2.00624916110241,0,0,0,0,0,0,"Atsinanana","EpiNow2-IPM-dat"
2020-10-14,"gp_rt",0,0.152,5.79627425151706,0,0,0,0,0,0,"Atsinanana","EpiNow2-IPM-dat"
2020-03-18,"gp_rt",3,3.7275,3.10357081245893,0,1,2,4,5,10,"National","EpiNow2-IPM-dat"
2020-03-19,"gp_rt",3,3.61975,3.13593980604169,0,1,2,4,5,10,"National","EpiNow2-IPM-dat"
2020-03-20,"gp_rt",4,4.7735,3.88882739326698,0,2,3,5,7,12,"National","EpiNow2-IPM-dat"
2020-03-21,"gp_rt",3,3.625,3.16652518076678,0,1,2,4,5,10,"National","EpiNow2-IPM-dat"
2020-03-22,"gp_rt",2,2.4865,2.3238261105229,0,1,1,2,4,7,"National","EpiNow2-IPM-dat"
2020-03-23,"gp_rt",6,6.77725,5.09005005770056,1,3,5,7,9,16,"National","EpiNow2-IPM-dat"
2020-03-24,"gp_rt",5,6.2175,4.88698929977384,1,3,4,6,8,15,"National","EpiNow2-IPM-dat"
2020-03-25,"gp_rt",7,7.84175,5.83054077585731,1,4,5,8,11,19,"National","EpiNow2-IPM-dat"
2020-03-26,"gp_rt",6,6.622,5.0738596761246,1,3,5,7,9,16,"National","EpiNow2-IPM-dat"
2020-03-27,"gp_rt",7,7.78525,5.68425106016868,1,4,5,8,11,19,"National","EpiNow2-IPM-dat"
2020-03-28,"gp_rt",5,5.74325,4.38829622102142,0.94999999999996,3,4,6,8,14,"National","EpiNow2-IPM-dat"
2020-03-29,"gp_rt",3,3.88075,3.17388528848415,0,2,2.60000000000014,4,5,10,"National","EpiNow2-IPM-dat"
2020-03-30,"gp_rt",9,10.70525,7.75808735561506,2,5,7,11,14.25,26,"National","EpiNow2-IPM-dat"
2020-03-31,"gp_rt",8,9.56025,6.88892112351865,1,4,7,10,13,23,"National","EpiNow2-IPM-dat"
2020-04-01,"gp_rt",10,11.95375,8.42795162122045,2,6,8,12,16,28,"National","EpiNow2-IPM-dat"
2020-04-02,"gp_rt",8,9.59875,6.95171417853216,1,5,7,10,13,23,"National","EpiNow2-IPM-dat"
2020-04-03,"gp_rt",10,11.24125,7.81638166884769,2,6,8,12,15,26,"National","EpiNow2-IPM-dat"
2020-04-04,"gp_rt",7,8.00825,5.86649690053366,1,4,5,8,11,19,"National","EpiNow2-IPM-dat"
2020-04-05,"gp_rt",4,5.2525,4.1303763451032,0,2,4,5,7,13,"National","EpiNow2-IPM-dat"
2020-04-06,"gp_rt",12,14.2585,10.0792150187328,2,7,10,15,19,33,"National","EpiNow2-IPM-dat"
2020-04-07,"gp_rt",11,12.52175,8.73522197561349,2,6,9,13,17,29,"National","EpiNow2-IPM-dat"
2020-04-08,"gp_rt",13,15.15775,10.530531228741,3,8,11,15,20,36,"National","EpiNow2-IPM-dat"
2020-04-09,"gp_rt",10,12.09825,8.48596487368757,2,6,9,12,16,29,"National","EpiNow2-IPM-dat"
2020-04-10,"gp_rt",12,13.8095,9.4466141754517,2,7,10,14,18,32,"National","EpiNow2-IPM-dat"
2020-04-11,"gp_rt",8,9.525,7.01923731064179,1,4,7,9,13,23,"National","EpiNow2-IPM-dat"
2020-04-12,"gp_rt",5,6.33525,4.86968026506577,1,3,4,6,9,16,"National","EpiNow2-IPM-dat"
2020-04-13,"gp_rt",14,16.85775,11.76174305056,3,8,12,17,23,40,"National","EpiNow2-IPM-dat"
2020-04-14,"gp_rt",13,14.74025,10.098379783711,3,7,11,15,19,35,"National","EpiNow2-IPM-dat"
2020-04-15,"gp_rt",15,17.38675,12.1039580670011,3,9,12,18,23,41,"National","EpiNow2-IPM-dat"
2020-04-16,"gp_rt",12,13.81225,9.50810711775697,2,7,10,14,19,32,"National","EpiNow2-IPM-dat"
2020-04-17,"gp_rt",14,15.99725,11.1584887151039,3,8,11,16,21,37,"National","EpiNow2-IPM-dat"
2020-04-18,"gp_rt",9,11.26025,8.05532382949311,2,5,8,11,15,27,"National","EpiNow2-IPM-dat"
2020-04-19,"gp_rt",6,7.5555,5.63421297422805,1,3,5,8,10,19,"National","EpiNow2-IPM-dat"
2020-04-20,"gp_rt",17,19.86375,13.536967840402,4,10,14,20,26,46,"National","EpiNow2-IPM-dat"
2020-04-21,"gp_rt",15,17.192,11.7633638973954,3,9,12,18,23,40,"National","EpiNow2-IPM-dat"
2020-04-22,"gp_rt",19,22.286,15.1025403717858,4,11,16,23,30,51,"National","EpiNow2-IPM-dat"
2020-04-23,"gp_rt",15,18.0015,12.4760134048349,3,9,13,18,24,43,"National","EpiNow2-IPM-dat"
2020-04-24,"gp_rt",18,21.07525,14.4061261814337,4,11,15,22,28,48,"National","EpiNow2-IPM-dat"
2020-04-25,"gp_rt",13,15.6405,11.1033139487795,3,8,11,16,21,36,"National","EpiNow2-IPM-dat"
2020-04-26,"gp_rt",9,10.638,7.82753304486108,2,5,7,11,14,25,"National","EpiNow2-IPM-dat"
2020-04-27,"gp_rt",25,29.60075,20.4351963227586,6,15,21,29,39,69,"National","EpiNow2-IPM-dat"
2020-04-28,"gp_rt",23,26.622,18.0859584062573,5,13.75,19,26.4000000000001,35,62,"National","EpiNow2-IPM-dat"
2020-04-29,"gp_rt",30,34.651,22.9750007979416,7,18,25,35,45,78,"National","EpiNow2-IPM-dat"
2020-04-30,"gp_rt",25,29.316,19.4553532913932,6,15,21,30,39,66,"National","EpiNow2-IPM-dat"
2020-05-01,"gp_rt",31,35.91725,23.8411619408151,8,19,26,37,47,82,"National","EpiNow2-IPM-dat"
2020-05-02,"gp_rt",23,26.533,17.7341347655861,5,14,19,27,35,61,"National","EpiNow2-IPM-dat"
2020-05-03,"gp_rt",15,18.3175,12.7428524601914,3,9,13,18,24,43,"National","EpiNow2-IPM-dat"
2020-05-04,"gp_rt",45,51.17875,33.0257168420419,11,27,37,53,68,115,"National","EpiNow2-IPM-dat"
2020-05-05,"gp_rt",40,46.94525,31.7939139723143,10,25,33,47,61,107,"National","EpiNow2-IPM-dat"
2020-05-06,"gp_rt",50,59.01125,38.9673098410265,14,31,43,59,76.25,136,"National","EpiNow2-IPM-dat"
2020-05-07,"gp_rt",43,49.77125,32.6739777291143,11,26,36,50.4000000000001,65.25,113,"National","EpiNow2-IPM-dat"
2020-05-08,"gp_rt",49,57.4655,38.1714235278636,13,30,42,58,76,131,"National","EpiNow2-IPM-dat"
2020-05-09,"gp_rt",35,40.90175,27.6153353885962,8,21,29,41,54,93,"National","EpiNow2-IPM-dat"
2020-05-10,"gp_rt",24,27.94325,18.943752159326,6,14,20,28,37,65,"National","EpiNow2-IPM-dat"
2020-05-11,"gp_rt",63,73.54925,49.2195663925076,15,38,53,75,96,170,"National","EpiNow2-IPM-dat"
2020-05-12,"gp_rt",57,65.3305,42.3441793772389,14,34,47,67,86,145,"National","EpiNow2-IPM-dat"
2020-05-13,"gp_rt",69,80.6825,53.3421272484033,18,43,57,81,105,184,"National","EpiNow2-IPM-dat"
2020-05-14,"gp_rt",55,62.52225,39.9287062191174,14,33,46,64,82,140,"National","EpiNow2-IPM-dat"
2020-05-15,"gp_rt",63,72.5045,47.0152697391726,16,38,52,74,97,165,"National","EpiNow2-IPM-dat"
2020-05-16,"gp_rt",41,48.536,31.7857796498212,11,26,35,49,65,110.05,"National","EpiNow2-IPM-dat"
2020-05-17,"gp_rt",28,32.898,22.0865128418313,7,17,24,33,43,76,"National","EpiNow2-IPM-dat"
2020-05-18,"gp_rt",71,82.58225,53.5686581428106,18,43,59,85,110,187.05,"National","EpiNow2-IPM-dat"
2020-05-19,"gp_rt",62,71.947,46.982709955458,16,38,52,73,94,165,"National","EpiNow2-IPM-dat"
2020-05-20,"gp_rt",75,86.02,55.5679948397693,19,47,64,87,113,193,"National","EpiNow2-IPM-dat"
2020-05-21,"gp_rt",56,66.31775,43.0315955373621,16,35,48,67,88,151,"National","EpiNow2-IPM-dat"
2020-05-22,"gp_rt",63,73.19125,47.6671397557125,17,39,52,74,96,165,"National","EpiNow2-IPM-dat"
2020-05-23,"gp_rt",45,51.447,33.1416925329107,12,27,37,53,68,114,"National","EpiNow2-IPM-dat"
2020-05-24,"gp_rt",28,32.6195,21.6801459158312,7,17,23,33,43,75,"National","EpiNow2-IPM-dat"
2020-05-25,"gp_rt",73,83.377,54.0132273446241,19,44,60,86,110,187,"National","EpiNow2-IPM-dat"
2020-05-26,"gp_rt",61,71.34725,46.8615905577788,16,38,51,72,95,158,"National","EpiNow2-IPM-dat"
2020-05-27,"gp_rt",74,87.07025,57.3041643927532,20,46,63,89,114,197,"National","EpiNow2-IPM-dat"
2020-05-28,"gp_rt",56,65.212,42.6820629260572,15,35,47,66,85,150,"National","EpiNow2-IPM-dat"
2020-05-29,"gp_rt",63,72.82475,47.2032157096403,17,38,53,74,97,161,"National","EpiNow2-IPM-dat"
2020-05-30,"gp_rt",43,48.861,31.0125075236706,11,26,36,50,64,107,"National","EpiNow2-IPM-dat"
2020-05-31,"gp_rt",27,31.09625,20.7409867911526,7,16,23,31,41,72,"National","EpiNow2-IPM-dat"
2020-06-01,"gp_rt",68,78.3135,49.6611696971983,18,42,57,80,103,173,"National","EpiNow2-IPM-dat"
2020-06-02,"gp_rt",59,67.95175,43.7510109560616,15,36,49,69,89,153,"National","EpiNow2-IPM-dat"
2020-06-03,"gp_rt",69,79.24125,52.3638237808101,17,41,58,80,104,183,"National","EpiNow2-IPM-dat"
2020-06-04,"gp_rt",52,60.588,40.2704380786423,12.95,32,44,62,79,140,"National","EpiNow2-IPM-dat"
2020-06-05,"gp_rt",58,67.225,44.0565559256509,15,36,49,69,89,148,"National","EpiNow2-IPM-dat"
2020-06-06,"gp_rt",39,45.3255,29.5540675792287,10,24,33,46,59,102,"National","EpiNow2-IPM-dat"
2020-06-07,"gp_rt",25,29.11575,19.3951384317358,6,15,21,29,38,66.0499999999997,"National","EpiNow2-IPM-dat"
2020-06-08,"gp_rt",64,73.7295,48.0767841483133,16,39,54,75,96,170,"National","EpiNow2-IPM-dat"
2020-06-09,"gp_rt",54.5,63.0315,41.2034942660806,15,33,46,64,83,140,"National","EpiNow2-IPM-dat"
2020-06-10,"gp_rt",65,75.08175,48.5184921236943,17,40,54,77,99,166,"National","EpiNow2-IPM-dat"
2020-06-11,"gp_rt",51,58.81525,39.0149991666986,13,31,42,60,77,134,"National","EpiNow2-IPM-dat"
2020-06-12,"gp_rt",58,67.6555,44.549090620559,15,35,48,69,89,157,"National","EpiNow2-IPM-dat"
2020-06-13,"gp_rt",40,47.0935,31.9468685218456,10,24,33,48,62,108,"National","EpiNow2-IPM-dat"
2020-06-14,"gp_rt",27,31.34575,21.1134234812897,6,16,22,32,42,71,"National","EpiNow2-IPM-dat"
2020-06-15,"gp_rt",71,83.24325,55.7511401394107,19,43,59,84,110,190,"National","EpiNow2-IPM-dat"
2020-06-16,"gp_rt",63,73.81775,47.811552171706,16,39,53,76,99,164.05,"National","EpiNow2-IPM-dat"
2020-06-17,"gp_rt",78,91.66375,61.9561564920656,20,47,65,93,120,208,"National","EpiNow2-IPM-dat"
2020-06-18,"gp_rt",64,76.082,51.3129665010003,16,40,54,76,100,175,"National","EpiNow2-IPM-dat"
2020-06-19,"gp_rt",77,89.8005,59.0137514098525,20,48,64,90,117,202,"National","EpiNow2-IPM-dat"
2020-06-20,"gp_rt",56,66.01375,43.9932598549558,15,35,47,66,87.25,147.05,"National","EpiNow2-IPM-dat"
2020-06-21,"gp_rt",39,45.91775,30.9612844569037,10,23,32,46,61,105,"National","EpiNow2-IPM-dat"
2020-06-22,"gp_rt",104.5,121.8255,78.8926679927593,28,64,88,124,162,271,"National","EpiNow2-IPM-dat"
2020-06-23,"gp_rt",99,115.5035,77.1134917534059,26,60,83,116,151,264,"National","EpiNow2-IPM-dat"
2020-06-24,"gp_rt",127,147.641,94.3629626028019,34,80.75,108,151,195,328,"National","EpiNow2-IPM-dat"
2020-06-25,"gp_rt",108,123.56575,79.6308353869505,28,67,90,127,162,277.05,"National","EpiNow2-IPM-dat"
2020-06-26,"gp_rt",127,147.152,93.9500907444358,35,78,106,150,195,333,"National","EpiNow2-IPM-dat"
2020-06-27,"gp_rt",92,107.11175,70.1616164654419,25,56,77,110,140.25,242,"National","EpiNow2-IPM-dat"
2020-06-28,"gp_rt",61.5,71.9255,47.1544572173073,16,38,51,72,95,165,"National","EpiNow2-IPM-dat"
2020-06-29,"gp_rt",168,194.33875,125.83302422629,44,103,141,199,256,433.05,"National","EpiNow2-IPM-dat"
2020-06-30,"gp_rt",149,172.19925,113.101896797544,40,90,125,175,228,384,"National","EpiNow2-IPM-dat"
2020-07-01,"gp_rt",183,215.725,141.759582814813,51,115,156,216,279.25,497,"National","EpiNow2-IPM-dat"
2020-07-02,"gp_rt",143,167.493,110.920770396379,37,88,120,171,224,379,"National","EpiNow2-IPM-dat"
2020-07-03,"gp_rt",164,189.196,120.061806138852,43,104,139,194,250,411.05,"National","EpiNow2-IPM-dat"
2020-07-04,"gp_rt",111,130.2365,86.6375183315269,30,68,92,132,172,291.05,"National","EpiNow2-IPM-dat"
2020-07-05,"gp_rt",69,80.8795,52.455723047825,18,42,59,82,106,184.05,"National","EpiNow2-IPM-dat"
2020-07-06,"gp_rt",173,200.87275,131.826902187955,47,107,146,205,259,456,"National","EpiNow2-IPM-dat"
2020-07-07,"gp_rt",146.5,169.09725,109.065226347984,39,91,123,172,221,373.05,"National","EpiNow2-IPM-dat"
2020-07-08,"gp_rt",169,195.38425,124.812267535965,47,105,143,198,260,437,"National","EpiNow2-IPM-dat"
2020-07-09,"gp_rt",122.5,141.62225,89.6278351972647,35,77,104,145,186,310,"National","EpiNow2-IPM-dat"
2020-07-10,"gp_rt",132,152.2135,96.0337677011827,36,82,112,154,199,337.05,"National","EpiNow2-IPM-dat"
2020-07-11,"gp_rt",85,97.94725,63.7350453552762,22,52,72,100,130,221,"National","EpiNow2-IPM-dat"
2020-07-12,"gp_rt",50,58.73825,38.5593431307273,13,31,42.6000000000001,59,77,135,"National","EpiNow2-IPM-dat"
2020-07-13,"gp_rt",125,143.40875,90.941009672466,34,79,106,145,186,321,"National","EpiNow2-IPM-dat"
2020-07-14,"gp_rt",101,116.26875,75.3979657334778,26,61,85,119,151,264,"National","EpiNow2-IPM-dat"
2020-07-15,"gp_rt",114,132.51775,86.4560081502368,30,71,96,133,173,300,"National","EpiNow2-IPM-dat"
2020-07-16,"gp_rt",79,94.201,63.292061668645,21.95,49,67,95,124,218,"National","EpiNow2-IPM-dat"
2020-07-17,"gp_rt",85,98.03825,63.3329499753141,22,53.75,73,99,127,223,"National","EpiNow2-IPM-dat"
2020-07-18,"gp_rt",55,64.2945,42.3206926929074,14,34,46,65,84,145,"National","EpiNow2-IPM-dat"
2020-07-19,"gp_rt",34,39.9285,26.8366901784653,8.94999999999996,21,29,40,53,92,"National","EpiNow2-IPM-dat"
2020-07-20,"gp_rt",82,96.373,64.1939918383881,23,50,69,98,126.25,217.05,"National","EpiNow2-IPM-dat"
2020-07-21,"gp_rt",68,78.74525,51.5487892375317,17,42,57,80,104,177,"National","EpiNow2-IPM-dat"
2020-07-22,"gp_rt",78,90.89725,60.2479057310189,21,49,66,92,118,205,"National","EpiNow2-IPM-dat"
2020-07-23,"gp_rt",57,67.2725,44.682657471548,15,35,48,67,88,151,"National","EpiNow2-IPM-dat"
2020-07-24,"gp_rt",62,72.35375,46.6565356516882,17,39,52,73,94,165,"National","EpiNow2-IPM-dat"
2020-07-25,"gp_rt",41,48.455,31.9357315203039,11,25,35,49,64,110.05,"National","EpiNow2-IPM-dat"
2020-07-26,"gp_rt",25,29.982,19.9454288254918,6,16,22,31,40,68,"National","EpiNow2-IPM-dat"
2020-07-27,"gp_rt",66,75.63925,48.541999246634,16.95,41,55,77,99,168.05,"National","EpiNow2-IPM-dat"
2020-07-28,"gp_rt",54,63.542,42.5260961435835,14,33,45,63,84,148.05,"National","EpiNow2-IPM-dat"
2020-07-29,"gp_rt",64,75.42575,50.6643089856039,17,39,53,76,98,173,"National","EpiNow2-IPM-dat"
2020-07-30,"gp_rt",50,57.1645,37.262461841854,12,30,41,59,77,127,"National","EpiNow2-IPM-dat"
2020-07-31,"gp_rt",55,64.0275,41.2424232813681,14,34,47,65.4000000000001,85,141.05,"National","EpiNow2-IPM-dat"
2020-08-01,"gp_rt",38,43.71025,27.8572396584415,10,23,32,45,58,96,"National","EpiNow2-IPM-dat"
2020-08-02,"gp_rt",24,28.4585,19.3958198384807,6,14,20,29,38,65,"National","EpiNow2-IPM-dat"
2020-08-03,"gp_rt",62,71.4835,46.4416293209389,16.95,38,52,73,94,160,"National","EpiNow2-IPM-dat"
2020-08-04,"gp_rt",53,61.55975,38.6825931872648,15,34,44,63,82,134.05,"National","EpiNow2-IPM-dat"
2020-08-05,"gp_rt",62,72.27,47.2631680250376,16,39,53,73,94,165,"National","EpiNow2-IPM-dat"
2020-08-06,"gp_rt",49,56.37775,36.4907926664365,13,30,41,58,75,126,"National","EpiNow2-IPM-dat"
2020-08-07,"gp_rt",52,61.36225,39.9588626291234,14,33,44,62,81,137,"National","EpiNow2-IPM-dat"
2020-08-08,"gp_rt",38,43.25625,27.7885972562824,10,23,31,44,57,97,"National","EpiNow2-IPM-dat"
2020-08-09,"gp_rt",23,27.3265,18.5985852847373,6,14,20,27,36,63,"National","EpiNow2-IPM-dat"
2020-08-10,"gp_rt",61,70.24225,45.2249476385515,16,38,51,71,92,159,"National","EpiNow2-IPM-dat"
2020-08-11,"gp_rt",52,59.9495,38.4447128840519,14,32,43,61,79,136,"National","EpiNow2-IPM-dat"
2020-08-12,"gp_rt",60,70.60175,47.3124747239417,16,38,50,71,93,157,"National","EpiNow2-IPM-dat"
2020-08-13,"gp_rt",46,53.42525,35.0388690317375,12,28,38,54,70.25,122,"National","EpiNow2-IPM-dat"
2020-08-14,"gp_rt",51,59.86525,38.857188044211,14,32,43,60,79,134,"National","EpiNow2-IPM-dat"
2020-08-15,"gp_rt",35,40.54625,26.4922313238736,9,22,30,41,53,91,"National","EpiNow2-IPM-dat"
2020-08-16,"gp_rt",22,25.55475,17.2073538260223,5,13,18,26,34,60,"National","EpiNow2-IPM-dat"
2020-08-17,"gp_rt",56,65.758,43.4585330749239,14,35,48,66,87,148.05,"National","EpiNow2-IPM-dat"
2020-08-18,"gp_rt",46,54.01375,35.3635929575067,13,29,38,55,71,120,"National","EpiNow2-IPM-dat"
2020-08-19,"gp_rt",54,64.14275,42.7314212966174,15,35,46,64,83,146,"National","EpiNow2-IPM-dat"
2020-08-20,"gp_rt",40,47.8045,31.4279128829301,11,26,34,48,63,109,"National","EpiNow2-IPM-dat"
2020-08-21,"gp_rt",47,54.249,35.1229896948035,12,29,40,55,71,122,"National","EpiNow2-IPM-dat"
2020-08-22,"gp_rt",32,36.947,24.177403245736,8,20,27,38,49,82.0499999999997,"National","EpiNow2-IPM-dat"
2020-08-23,"gp_rt",19,22.4255,15.4832290671419,5,11,16,23,30,51.0499999999997,"National","EpiNow2-IPM-dat"
2020-08-24,"gp_rt",51,58.5635,38.8845723937214,13,31,42.6000000000001,59,77,131.05,"National","EpiNow2-IPM-dat"
2020-08-25,"gp_rt",41,47.85025,31.6187564805741,11,25,35,49,63,105,"National","EpiNow2-IPM-dat"
2020-08-26,"gp_rt",48,55.7095,35.8153569673496,13,30,40,57,73,125,"National","EpiNow2-IPM-dat"
2020-08-27,"gp_rt",37,42.06275,27.0564192918007,9,22,30,44,56,93.0499999999997,"National","EpiNow2-IPM-dat"
2020-08-28,"gp_rt",40,45.61075,29.6218770225164,10,24,33,47,61,102,"National","EpiNow2-IPM-dat"
2020-08-29,"gp_rt",26,29.94975,19.7750976877395,6,15,22,31,40,68,"National","EpiNow2-IPM-dat"
2020-08-30,"gp_rt",16,18.75775,12.7612216159654,3.94999999999996,10,13,19,25,44,"National","EpiNow2-IPM-dat"
2020-08-31,"gp_rt",40,46.058,30.0927654035386,10,24,33,47,62,102,"National","EpiNow2-IPM-dat"
2020-09-01,"gp_rt",33,37.4755,23.9578775087377,8,20,28,39,49,83,"National","EpiNow2-IPM-dat"
2020-09-02,"gp_rt",37,42.7665,28.3985668194603,9,23,31,43,57,98,"National","EpiNow2-IPM-dat"
2020-09-03,"gp_rt",27,30.83825,20.8450165655104,6,16,22,32,41,70,"National","EpiNow2-IPM-dat"
2020-09-04,"gp_rt",28,32.68625,22.1382098648808,7,17,24,33,43,75,"National","EpiNow2-IPM-dat"
2020-09-05,"gp_rt",18,20.78125,14.0080317916604,4,11,15,21,28,47,"National","EpiNow2-IPM-dat"
2020-09-06,"gp_rt",11,12.409,8.62173431367749,2,6,9,13,17,29,"National","EpiNow2-IPM-dat"
2020-09-07,"gp_rt",26,30.51975,20.6050904481294,6,16,22,31,40,71.0499999999997,"National","EpiNow2-IPM-dat"
2020-09-08,"gp_rt",21,24.00875,15.6130591282213,5,13,18,25,32,54,"National","EpiNow2-IPM-dat"
2020-09-09,"gp_rt",23,26.79875,17.6761805907716,6,14,19,27,36,61,"National","EpiNow2-IPM-dat"
2020-09-10,"gp_rt",16,19.124,13.0416312260491,4,10,14,19,25,45,"National","EpiNow2-IPM-dat"
2020-09-11,"gp_rt",17,19.73325,13.5385345372701,4,10,14,20,26,46,"National","EpiNow2-IPM-dat"
2020-09-12,"gp_rt",10,12.43875,8.80159732471138,2,6,9,13,16.25,29,"National","EpiNow2-IPM-dat"
2020-09-13,"gp_rt",6,7.394,5.49702813614615,1,3,5,8,10,18,"National","EpiNow2-IPM-dat"
2020-09-14,"gp_rt",16,18.05875,12.4872647678683,3,9,13,18,24,42,"National","EpiNow2-IPM-dat"
2020-09-15,"gp_rt",12,14.1335,9.91974183482198,2,7,10,15,19,33,"National","EpiNow2-IPM-dat"
2020-09-16,"gp_rt",13,15.56425,10.5594861439563,3,8,11,16,21,36,"National","EpiNow2-IPM-dat"
2020-09-17,"gp_rt",9,11.04625,7.63787897497133,2,5,8,11,15,26,"National","EpiNow2-IPM-dat"
2020-09-18,"gp_rt",10,11.28175,8.03019227257253,2,5,8,11,15,27,"National","EpiNow2-IPM-dat"
2020-09-19,"gp_rt",6,7.1025,5.29513959927819,1,3,5,7,10,17,"National","EpiNow2-IPM-dat"
2020-09-20,"gp_rt",4,4.2285,3.31987095167628,0,2,3,4,6,10,"National","EpiNow2-IPM-dat"
2020-09-21,"gp_rt",8,9.757,7.00240740226937,1,5,7,10,13,23,"National","EpiNow2-IPM-dat"
2020-09-22,"gp_rt",6,7.46125,5.46113124051295,1,3,5,8,10,18,"National","EpiNow2-IPM-dat"
2020-09-23,"gp_rt",7,8.1095,5.96191209671547,1,4,6,8,11,20,"National","EpiNow2-IPM-dat"
2020-09-24,"gp_rt",5,5.73475,4.43286645566426,1,3,4,6,8,14,"National","EpiNow2-IPM-dat"
2020-09-25,"gp_rt",5,5.65,4.37296017534733,0,2,4,6,8,14,"National","EpiNow2-IPM-dat"
2020-09-26,"gp_rt",3,3.414,2.88707253060072,0,1,2,3,5,9,"National","EpiNow2-IPM-dat"
2020-09-27,"gp_rt",2,1.9435,1.86887156333175,0,1,1,2,3,5,"National","EpiNow2-IPM-dat"
2020-09-28,"gp_rt",4,4.43575,3.58344557766014,0,2,3,5,6,11,"National","EpiNow2-IPM-dat"
2020-09-29,"gp_rt",3,3.26225,2.84587415171892,0,1,2,3,5,9,"National","EpiNow2-IPM-dat"
2020-09-30,"gp_rt",3,3.52325,3.00403320410625,0,1,2,4,5,9,"National","EpiNow2-IPM-dat"
2020-10-01,"gp_rt",2,2.305,2.1695971487691,0,1,1,2,3,6,"National","EpiNow2-IPM-dat"
2020-10-02,"gp_rt",2,2.2535,2.15763796787137,0,1,1,2,3,7,"National","EpiNow2-IPM-dat"
2020-10-03,"gp_rt",1,1.32325,1.50227282589111,0,0,1,1,2,4,"National","EpiNow2-IPM-dat"
2020-10-04,"gp_rt",0,0.7675,1.0453310141923,0,0,0,1,1,3,"National","EpiNow2-IPM-dat"
2020-10-05,"gp_rt",1,1.696,1.85174005608477,0,0,1,2,2,5,"National","EpiNow2-IPM-dat"
2020-10-06,"gp_rt",1,1.19725,1.4340001836233,0,0,1,1,2,4,"National","EpiNow2-IPM-dat"
2020-10-07,"gp_rt",1,1.23225,1.47473850255316,0,0,1,1,2,4,"National","EpiNow2-IPM-dat"
2020-10-08,"gp_rt",0,0.854,1.18829163476493,0,0,0,1,1,3,"National","EpiNow2-IPM-dat"
2020-10-09,"gp_rt",0,0.838,1.18832193754757,0,0,0,1,1,3,"National","EpiNow2-IPM-dat"
2020-10-10,"gp_rt",0,0.50375,0.855960924795165,0,0,0,0,1,2,"National","EpiNow2-IPM-dat"
2020-10-11,"gp_rt",0,0.28225,0.603469950780794,0,0,0,0,0,1,"National","EpiNow2-IPM-dat"
2020-10-12,"gp_rt",0,0.62875,1.0402855309945,0,0,0,0,1,3,"National","EpiNow2-IPM-dat"
2020-10-13,"gp_rt",0,0.474,0.882337027250593,0,0,0,0,1,2,"National","EpiNow2-IPM-dat"
2020-10-14,"gp_rt",0,0.4865,0.915165084442663,0,0,0,0,1,2,"National","EpiNow2-IPM-dat"
