"machine","test","target","dilution","run","isolate","replicate","Ct","run.isolate.replicate","isolate.replicate","flag"
"QuantStudio5","Berlin Charity","E",1,"1","1","1",10.5087986,"1-1-1","1-1",1
"QuantStudio5","Berlin Charity","E",0.1,"1","1","1",13.85354519,"1-1-1","1-1",1
"QuantStudio5","Berlin Charity","E",0.01,"1","1","1",17.21463203,"1-1-1","1-1",1
"QuantStudio5","Berlin Charity","E",0.001,"1","1","1",20.5325985,"1-1-1","1-1",1
"QuantStudio5","Berlin Charity","E",1e-04,"1","1","1",23.74287224,"1-1-1","1-1",1
"QuantStudio5","Berlin Charity","E",1e-05,"1","1","1",26.94543457,"1-1-1","1-1",1
"QuantStudio5","Berlin Charity","E",1e-06,"1","1","1",30.0302887,"1-1-1","1-1",1
"QuantStudio5","Berlin Charity","E",1e-07,"1","1","1",33.29881668,"1-1-1","1-1",1
"QuantStudio5","Berlin Charity","E",1e-08,"1","1","1",35.30595016,"1-1-1","1-1",1
"QuantStudio5","Berlin Charity","E",1,"1","1","2",10.82480526,"1-1-2","1-2",1
"QuantStudio5","Berlin Charity","E",0.1,"1","1","2",13.76915741,"1-1-2","1-2",1
"QuantStudio5","Berlin Charity","E",0.01,"1","1","2",16.66999817,"1-1-2","1-2",1
"QuantStudio5","Berlin Charity","E",0.001,"1","1","2",20.34192276,"1-1-2","1-2",1
"QuantStudio5","Berlin Charity","E",1e-04,"1","1","2",23.57621765,"1-1-2","1-2",1
"QuantStudio5","Berlin Charity","E",1e-05,"1","1","2",26.87302017,"1-1-2","1-2",1
"QuantStudio5","Berlin Charity","E",1e-06,"1","1","2",30.82945633,"1-1-2","1-2",1
"QuantStudio5","Berlin Charity","E",1e-07,"1","1","2",33.2162056,"1-1-2","1-2",1
"QuantStudio5","Berlin Charity","E",1e-08,"1","1","2",34.64557648,"1-1-2","1-2",1
"QuantStudio5","Berlin Charity","E",1,"1","1","3",11.639,"1-1-3","1-3",1
"QuantStudio5","Berlin Charity","E",0.1,"1","1","3",14.598,"1-1-3","1-3",1
"QuantStudio5","Berlin Charity","E",0.01,"1","1","3",17.844,"1-1-3","1-3",1
"QuantStudio5","Berlin Charity","E",0.001,"1","1","3",21.13,"1-1-3","1-3",1
"QuantStudio5","Berlin Charity","E",1e-04,"1","1","3",24.36,"1-1-3","1-3",1
"QuantStudio5","Berlin Charity","E",1e-05,"1","1","3",27.679,"1-1-3","1-3",1
"QuantStudio5","Berlin Charity","E",1e-06,"1","1","3",30.793,"1-1-3","1-3",1
"QuantStudio5","Berlin Charity","E",1e-07,"1","1","3",33.304,"1-1-3","1-3",1
"QuantStudio5","Berlin Charity","E",1e-08,"1","1","3",35.126,"1-1-3","1-3",1
"QuantStudio5","Berlin Charity","E",1,"1","2","1",9.188427925,"1-2-1","2-1",1
"QuantStudio5","Berlin Charity","E",0.1,"1","2","1",13.69043732,"1-2-1","2-1",1
"QuantStudio5","Berlin Charity","E",0.01,"1","2","1",17.43888855,"1-2-1","2-1",1
"QuantStudio5","Berlin Charity","E",0.001,"1","2","1",20.60281563,"1-2-1","2-1",1
"QuantStudio5","Berlin Charity","E",1e-04,"1","2","1",23.52695656,"1-2-1","2-1",1
"QuantStudio5","Berlin Charity","E",1e-05,"1","2","1",27.11717415,"1-2-1","2-1",1
"QuantStudio5","Berlin Charity","E",1e-06,"1","2","1",30.02223778,"1-2-1","2-1",1
"QuantStudio5","Berlin Charity","E",1e-07,"1","2","1",33.17969513,"1-2-1","2-1",1
"QuantStudio5","Berlin Charity","E",1e-08,"1","2","1",36.78943253,"1-2-1","2-1",1
"QuantStudio5","Berlin Charity","E",1,"1","2","2",10.74529934,"1-2-2","2-2",1
"QuantStudio5","Berlin Charity","E",0.1,"1","2","2",13.7271347,"1-2-2","2-2",1
"QuantStudio5","Berlin Charity","E",0.01,"1","2","2",16.8401432,"1-2-2","2-2",1
"QuantStudio5","Berlin Charity","E",0.001,"1","2","2",20.02354431,"1-2-2","2-2",1
"QuantStudio5","Berlin Charity","E",1e-04,"1","2","2",23.3298111,"1-2-2","2-2",1
"QuantStudio5","Berlin Charity","E",1e-05,"1","2","2",26.75655937,"1-2-2","2-2",1
"QuantStudio5","Berlin Charity","E",1e-06,"1","2","2",29.63186455,"1-2-2","2-2",1
"QuantStudio5","Berlin Charity","E",1e-07,"1","2","2",33.43849564,"1-2-2","2-2",1
"QuantStudio5","Berlin Charity","E",1e-08,"1","2","2",34.37354279,"1-2-2","2-2",1
"QuantStudio5","Berlin Charity","E",1,"1","2","3",11.228,"1-2-3","2-3",1
"QuantStudio5","Berlin Charity","E",0.1,"1","2","3",14.397,"1-2-3","2-3",1
"QuantStudio5","Berlin Charity","E",0.01,"1","2","3",18.783,"1-2-3","2-3",1
"QuantStudio5","Berlin Charity","E",0.001,"1","2","3",21.059,"1-2-3","2-3",1
"QuantStudio5","Berlin Charity","E",1e-04,"1","2","3",24.248,"1-2-3","2-3",1
"QuantStudio5","Berlin Charity","E",1e-05,"1","2","3",27.813,"1-2-3","2-3",1
"QuantStudio5","Berlin Charity","E",1e-06,"1","2","3",31.774,"1-2-3","2-3",1
"QuantStudio5","Berlin Charity","E",1e-07,"1","2","3",33.197,"1-2-3","2-3",1
"QuantStudio5","Berlin Charity","E",1e-08,"1","2","3",35.015,"1-2-3","2-3",1
"QuantStudio5","Berlin Charity","E",1,"1","3","1",11.591,"1-3-1","3-1",1
"QuantStudio5","Berlin Charity","E",0.1,"1","3","1",14.945,"1-3-1","3-1",1
"QuantStudio5","Berlin Charity","E",0.01,"1","3","1",18.033,"1-3-1","3-1",1
"QuantStudio5","Berlin Charity","E",0.001,"1","3","1",21.334,"1-3-1","3-1",1
"QuantStudio5","Berlin Charity","E",1e-04,"1","3","1",24.532,"1-3-1","3-1",1
"QuantStudio5","Berlin Charity","E",1e-05,"1","3","1",28.074,"1-3-1","3-1",1
"QuantStudio5","Berlin Charity","E",1e-06,"1","3","1",31.084,"1-3-1","3-1",1
"QuantStudio5","Berlin Charity","E",1e-07,"1","3","1",33.139,"1-3-1","3-1",1
"QuantStudio5","Berlin Charity","E",1e-08,"1","3","1",35.935,"1-3-1","3-1",1
"QuantStudio5","Berlin Charity","E",1,"1","3","2",12.25882435,"1-3-2","3-2",1
"QuantStudio5","Berlin Charity","E",0.1,"1","3","2",14.99051857,"1-3-2","3-2",1
"QuantStudio5","Berlin Charity","E",0.01,"1","3","2",18.06631279,"1-3-2","3-2",1
"QuantStudio5","Berlin Charity","E",0.001,"1","3","2",21.36634445,"1-3-2","3-2",1
"QuantStudio5","Berlin Charity","E",1e-04,"1","3","2",24.45700073,"1-3-2","3-2",1
"QuantStudio5","Berlin Charity","E",1e-05,"1","3","2",27.93615913,"1-3-2","3-2",1
"QuantStudio5","Berlin Charity","E",1e-06,"1","3","2",30.9934082,"1-3-2","3-2",1
"QuantStudio5","Berlin Charity","E",1e-07,"1","3","2",34.07465363,"1-3-2","3-2",1
"QuantStudio5","Berlin Charity","E",1e-08,"1","3","2",39.76631165,"1-3-2","3-2",1
"QuantStudio5","Berlin Charity","E",1,"1","3","3",12.3357954,"1-3-3","3-3",1
"QuantStudio5","Berlin Charity","E",0.1,"1","3","3",15.74686527,"1-3-3","3-3",1
"QuantStudio5","Berlin Charity","E",0.01,"1","3","3",18.98909569,"1-3-3","3-3",1
"QuantStudio5","Berlin Charity","E",0.001,"1","3","3",22.18153954,"1-3-3","3-3",1
"QuantStudio5","Berlin Charity","E",1e-04,"1","3","3",25.50047112,"1-3-3","3-3",1
"QuantStudio5","Berlin Charity","E",1e-05,"1","3","3",29.63089371,"1-3-3","3-3",1
"QuantStudio5","Berlin Charity","E",1e-06,"1","3","3",31.19418716,"1-3-3","3-3",1
"QuantStudio5","Berlin Charity","E",1e-07,"1","3","3",34.56927109,"1-3-3","3-3",1
"QuantStudio5","Berlin Charity","E",1e-08,"1","3","3",36.34313583,"1-3-3","3-3",1
"QuantStudio5","TaqPath","N",1,"1","1","1",12.816,"1-1-1","1-1",1
"QuantStudio5","TaqPath","N",0.1,"1","1","1",15.741,"1-1-1","1-1",1
"QuantStudio5","TaqPath","N",0.01,"1","1","1",18.919,"1-1-1","1-1",1
"QuantStudio5","TaqPath","N",0.001,"1","1","1",21.965,"1-1-1","1-1",1
"QuantStudio5","TaqPath","N",1e-04,"1","1","1",24.962,"1-1-1","1-1",1
"QuantStudio5","TaqPath","N",1e-05,"1","1","1",27.737,"1-1-1","1-1",1
"QuantStudio5","TaqPath","N",1e-06,"1","1","1",31.849,"1-1-1","1-1",1
"QuantStudio5","TaqPath","N",1e-07,"1","1","1",34.111,"1-1-1","1-1",1
"QuantStudio5","TaqPath","N",1e-08,"1","1","1",37.304,"1-1-1","1-1",1
"QuantStudio5","TaqPath","ORF1ab",1,"1","1","1",11.418,"1-1-1","1-1",1
"QuantStudio5","TaqPath","ORF1ab",0.1,"1","1","1",14.59,"1-1-1","1-1",1
"QuantStudio5","TaqPath","ORF1ab",0.01,"1","1","1",17.877,"1-1-1","1-1",1
"QuantStudio5","TaqPath","ORF1ab",0.001,"1","1","1",20.878,"1-1-1","1-1",1
"QuantStudio5","TaqPath","ORF1ab",1e-04,"1","1","1",24.097,"1-1-1","1-1",1
"QuantStudio5","TaqPath","ORF1ab",1e-05,"1","1","1",26.788,"1-1-1","1-1",1
"QuantStudio5","TaqPath","ORF1ab",1e-06,"1","1","1",30.907,"1-1-1","1-1",1
"QuantStudio5","TaqPath","ORF1ab",1e-07,"1","1","1",33.005,"1-1-1","1-1",1
"QuantStudio5","TaqPath","ORF1ab",1e-08,"1","1","1",39.72,"1-1-1","1-1",1
"QuantStudio5","TaqPath","S",1,"1","1","1",12.153,"1-1-1","1-1",1
"QuantStudio5","TaqPath","S",0.1,"1","1","1",14.878,"1-1-1","1-1",1
"QuantStudio5","TaqPath","S",0.01,"1","1","1",17.965,"1-1-1","1-1",1
"QuantStudio5","TaqPath","S",0.001,"1","1","1",21.146,"1-1-1","1-1",1
"QuantStudio5","TaqPath","S",1e-04,"1","1","1",24.063,"1-1-1","1-1",1
"QuantStudio5","TaqPath","S",1e-05,"1","1","1",26.976,"1-1-1","1-1",1
"QuantStudio5","TaqPath","S",1e-06,"1","1","1",30.976,"1-1-1","1-1",1
"QuantStudio5","TaqPath","S",1e-07,"1","1","1",33.809,"1-1-1","1-1",1
"QuantStudio5","TaqPath","S",1e-08,"1","1","1",NA,"1-1-1","1-1",1
"QuantStudio5","TaqPath","N",1,"1","2","1",13.478,"1-2-1","2-1",1
"QuantStudio5","TaqPath","N",0.1,"1","2","1",15.686,"1-2-1","2-1",1
"QuantStudio5","TaqPath","N",0.01,"1","2","1",18.962,"1-2-1","2-1",1
"QuantStudio5","TaqPath","N",0.001,"1","2","1",22.316,"1-2-1","2-1",1
"QuantStudio5","TaqPath","N",1e-04,"1","2","1",24.575,"1-2-1","2-1",1
"QuantStudio5","TaqPath","N",1e-05,"1","2","1",28.41,"1-2-1","2-1",1
"QuantStudio5","TaqPath","N",1e-06,"1","2","1",32.106,"1-2-1","2-1",1
"QuantStudio5","TaqPath","N",1e-07,"1","2","1",35.337,"1-2-1","2-1",1
"QuantStudio5","TaqPath","N",1e-08,"1","2","1",NA,"1-2-1","2-1",1
"QuantStudio5","TaqPath","ORF1ab",1,"1","2","1",11.453,"1-2-1","2-1",1
"QuantStudio5","TaqPath","ORF1ab",0.1,"1","2","1",14.494,"1-2-1","2-1",1
"QuantStudio5","TaqPath","ORF1ab",0.01,"1","2","1",17.783,"1-2-1","2-1",1
"QuantStudio5","TaqPath","ORF1ab",0.001,"1","2","1",21.14,"1-2-1","2-1",1
"QuantStudio5","TaqPath","ORF1ab",1e-04,"1","2","1",23.408,"1-2-1","2-1",1
"QuantStudio5","TaqPath","ORF1ab",1e-05,"1","2","1",27.564,"1-2-1","2-1",1
"QuantStudio5","TaqPath","ORF1ab",1e-06,"1","2","1",31.172,"1-2-1","2-1",1
"QuantStudio5","TaqPath","ORF1ab",1e-07,"1","2","1",33.882,"1-2-1","2-1",1
"QuantStudio5","TaqPath","ORF1ab",1e-08,"1","2","1",37.264,"1-2-1","2-1",1
"QuantStudio5","TaqPath","S",1,"1","2","1",12,"1-2-1","2-1",1
"QuantStudio5","TaqPath","S",0.1,"1","2","1",14.556,"1-2-1","2-1",1
"QuantStudio5","TaqPath","S",0.01,"1","2","1",17.718,"1-2-1","2-1",1
"QuantStudio5","TaqPath","S",0.001,"1","2","1",21.086,"1-2-1","2-1",1
"QuantStudio5","TaqPath","S",1e-04,"1","2","1",23.316,"1-2-1","2-1",1
"QuantStudio5","TaqPath","S",1e-05,"1","2","1",27.381,"1-2-1","2-1",1
"QuantStudio5","TaqPath","S",1e-06,"1","2","1",31.028,"1-2-1","2-1",1
"QuantStudio5","TaqPath","S",1e-07,"1","2","1",33.935,"1-2-1","2-1",1
"QuantStudio5","TaqPath","S",1e-08,"1","2","1",NA,"1-2-1","2-1",1
"QuantStudio5","TaqPath","N",1,"1","3","1",13.733,"1-3-1","3-1",1
"QuantStudio5","TaqPath","N",0.1,"1","3","1",16.829,"1-3-1","3-1",1
"QuantStudio5","TaqPath","N",0.01,"1","3","1",19.451,"1-3-1","3-1",1
"QuantStudio5","TaqPath","N",0.001,"1","3","1",23.712,"1-3-1","3-1",1
"QuantStudio5","TaqPath","N",1e-04,"1","3","1",25.916,"1-3-1","3-1",1
"QuantStudio5","TaqPath","N",1e-05,"1","3","1",29.58,"1-3-1","3-1",1
"QuantStudio5","TaqPath","N",1e-06,"1","3","1",32.874,"1-3-1","3-1",1
"QuantStudio5","TaqPath","N",1e-07,"1","3","1",36.389,"1-3-1","3-1",1
"QuantStudio5","TaqPath","N",1e-08,"1","3","1",NA,"1-3-1","3-1",1
"QuantStudio5","TaqPath","ORF1ab",1,"1","3","1",12.287,"1-3-1","3-1",1
"QuantStudio5","TaqPath","ORF1ab",0.1,"1","3","1",15.655,"1-3-1","3-1",1
"QuantStudio5","TaqPath","ORF1ab",0.01,"1","3","1",18.319,"1-3-1","3-1",1
"QuantStudio5","TaqPath","ORF1ab",0.001,"1","3","1",23.394,"1-3-1","3-1",1
"QuantStudio5","TaqPath","ORF1ab",1e-04,"1","3","1",24.788,"1-3-1","3-1",1
"QuantStudio5","TaqPath","ORF1ab",1e-05,"1","3","1",28.526,"1-3-1","3-1",1
"QuantStudio5","TaqPath","ORF1ab",1e-06,"1","3","1",31.795,"1-3-1","3-1",1
"QuantStudio5","TaqPath","ORF1ab",1e-07,"1","3","1",34.977,"1-3-1","3-1",1
"QuantStudio5","TaqPath","ORF1ab",1e-08,"1","3","1",37.658,"1-3-1","3-1",1
"QuantStudio5","TaqPath","S",1,"1","3","1",12.835,"1-3-1","3-1",1
"QuantStudio5","TaqPath","S",0.1,"1","3","1",15.97,"1-3-1","3-1",1
"QuantStudio5","TaqPath","S",0.01,"1","3","1",18.503,"1-3-1","3-1",1
"QuantStudio5","TaqPath","S",0.001,"1","3","1",23.468,"1-3-1","3-1",1
"QuantStudio5","TaqPath","S",1e-04,"1","3","1",24.907,"1-3-1","3-1",1
"QuantStudio5","TaqPath","S",1e-05,"1","3","1",28.59,"1-3-1","3-1",1
"QuantStudio5","TaqPath","S",1e-06,"1","3","1",31.923,"1-3-1","3-1",1
"QuantStudio5","TaqPath","S",1e-07,"1","3","1",35.854,"1-3-1","3-1",1
"QuantStudio5","TaqPath","S",1e-08,"1","3","1",NA,"1-3-1","3-1",1
"QuantStudio5","DAAN","N",1,"1","1","1",10.803,"1-1-1","1-1",1
"QuantStudio5","DAAN","N",0.1,"1","1","1",14.084,"1-1-1","1-1",1
"QuantStudio5","DAAN","N",0.01,"1","1","1",17.33,"1-1-1","1-1",1
"QuantStudio5","DAAN","N",0.001,"1","1","1",20.656,"1-1-1","1-1",1
"QuantStudio5","DAAN","N",1e-04,"1","1","1",23.98,"1-1-1","1-1",1
"QuantStudio5","DAAN","N",1e-05,"1","1","1",27.52,"1-1-1","1-1",1
"QuantStudio5","DAAN","N",1e-06,"1","1","1",30.58,"1-1-1","1-1",1
"QuantStudio5","DAAN","N",1e-07,"1","1","1",33.88,"1-1-1","1-1",1
"QuantStudio5","DAAN","N",1e-08,"1","1","1",36.398,"1-1-1","1-1",1
"QuantStudio5","DAAN","ORF1ab",1,"1","1","1",11.32,"1-1-1","1-1",1
"QuantStudio5","DAAN","ORF1ab",0.1,"1","1","1",14.996,"1-1-1","1-1",1
"QuantStudio5","DAAN","ORF1ab",0.01,"1","1","1",18.362,"1-1-1","1-1",1
"QuantStudio5","DAAN","ORF1ab",0.001,"1","1","1",21.812,"1-1-1","1-1",1
"QuantStudio5","DAAN","ORF1ab",1e-04,"1","1","1",25.303,"1-1-1","1-1",1
"QuantStudio5","DAAN","ORF1ab",1e-05,"1","1","1",28.874,"1-1-1","1-1",1
"QuantStudio5","DAAN","ORF1ab",1e-06,"1","1","1",31.971,"1-1-1","1-1",1
"QuantStudio5","DAAN","ORF1ab",1e-07,"1","1","1",35.212,"1-1-1","1-1",1
"QuantStudio5","DAAN","ORF1ab",1e-08,"1","1","1",40.578,"1-1-1","1-1",1
"QuantStudio5","DAAN","N",1,"1","2","1",10.441,"1-2-1","2-1",1
"QuantStudio5","DAAN","N",0.1,"1","2","1",13.714,"1-2-1","2-1",1
"QuantStudio5","DAAN","N",0.01,"1","2","1",17.239,"1-2-1","2-1",1
"QuantStudio5","DAAN","N",0.001,"1","2","1",20.399,"1-2-1","2-1",1
"QuantStudio5","DAAN","N",1e-04,"1","2","1",23.751,"1-2-1","2-1",1
"QuantStudio5","DAAN","N",1e-05,"1","2","1",27.122,"1-2-1","2-1",1
"QuantStudio5","DAAN","N",1e-06,"1","2","1",30.51,"1-2-1","2-1",1
"QuantStudio5","DAAN","N",1e-07,"1","2","1",34.341,"1-2-1","2-1",1
"QuantStudio5","DAAN","N",1e-08,"1","2","1",36.213,"1-2-1","2-1",1
"QuantStudio5","DAAN","ORF1ab",1,"1","2","1",11.264,"1-2-1","2-1",1
"QuantStudio5","DAAN","ORF1ab",0.1,"1","2","1",14.664,"1-2-1","2-1",1
"QuantStudio5","DAAN","ORF1ab",0.01,"1","2","1",18.253,"1-2-1","2-1",1
"QuantStudio5","DAAN","ORF1ab",0.001,"1","2","1",21.603,"1-2-1","2-1",1
"QuantStudio5","DAAN","ORF1ab",1e-04,"1","2","1",25.082,"1-2-1","2-1",1
"QuantStudio5","DAAN","ORF1ab",1e-05,"1","2","1",28.72,"1-2-1","2-1",1
"QuantStudio5","DAAN","ORF1ab",1e-06,"1","2","1",31.891,"1-2-1","2-1",1
"QuantStudio5","DAAN","ORF1ab",1e-07,"1","2","1",35.201,"1-2-1","2-1",1
"QuantStudio5","DAAN","ORF1ab",1e-08,"1","2","1",38.256,"1-2-1","2-1",1
"QuantStudio5","DAAN","N",1,"1","3","1",11.672,"1-3-1","3-1",1
"QuantStudio5","DAAN","N",0.1,"1","3","1",15.116,"1-3-1","3-1",1
"QuantStudio5","DAAN","N",0.01,"1","3","1",18.394,"1-3-1","3-1",1
"QuantStudio5","DAAN","N",0.001,"1","3","1",21.81,"1-3-1","3-1",1
"QuantStudio5","DAAN","N",1e-04,"1","3","1",24.911,"1-3-1","3-1",1
"QuantStudio5","DAAN","N",1e-05,"1","3","1",28.422,"1-3-1","3-1",1
"QuantStudio5","DAAN","N",1e-06,"1","3","1",31.681,"1-3-1","3-1",1
"QuantStudio5","DAAN","N",1e-07,"1","3","1",35.81,"1-3-1","3-1",1
"QuantStudio5","DAAN","N",1e-08,"1","3","1",38.941,"1-3-1","3-1",1
"QuantStudio5","DAAN","ORF1ab",1,"1","3","1",12.532,"1-3-1","3-1",1
"QuantStudio5","DAAN","ORF1ab",0.1,"1","3","1",16.083,"1-3-1","3-1",1
"QuantStudio5","DAAN","ORF1ab",0.01,"1","3","1",19.447,"1-3-1","3-1",1
"QuantStudio5","DAAN","ORF1ab",0.001,"1","3","1",23.045,"1-3-1","3-1",1
"QuantStudio5","DAAN","ORF1ab",1e-04,"1","3","1",26.225,"1-3-1","3-1",1
"QuantStudio5","DAAN","ORF1ab",1e-05,"1","3","1",29.8,"1-3-1","3-1",1
"QuantStudio5","DAAN","ORF1ab",1e-06,"1","3","1",32.841,"1-3-1","3-1",1
"QuantStudio5","DAAN","ORF1ab",1e-07,"1","3","1",35.979,"1-3-1","3-1",1
"QuantStudio5","DAAN","ORF1ab",1e-08,"1","3","1",39.307,"1-3-1","3-1",1
"QuantStudio5","DAAN","N",1,"2","1","1",10.704,"2-1-1","1-1",1
"QuantStudio5","DAAN","N",0.1,"2","1","1",14.116,"2-1-1","1-1",1
"QuantStudio5","DAAN","N",0.01,"2","1","1",17.46,"2-1-1","1-1",1
"QuantStudio5","DAAN","N",0.001,"2","1","1",20.72,"2-1-1","1-1",1
"QuantStudio5","DAAN","N",1e-04,"2","1","1",23.929,"2-1-1","1-1",1
"QuantStudio5","DAAN","N",1e-05,"2","1","1",27.375,"2-1-1","1-1",1
"QuantStudio5","DAAN","N",1e-06,"2","1","1",30.793,"2-1-1","1-1",1
"QuantStudio5","DAAN","N",1e-07,"2","1","1",33.667,"2-1-1","1-1",1
"QuantStudio5","DAAN","N",1e-08,"2","1","1",37.111,"2-1-1","1-1",1
"QuantStudio5","DAAN","ORF1ab",1,"2","1","1",11.383,"2-1-1","1-1",1
"QuantStudio5","DAAN","ORF1ab",0.1,"2","1","1",15.001,"2-1-1","1-1",1
"QuantStudio5","DAAN","ORF1ab",0.01,"2","1","1",18.56,"2-1-1","1-1",1
"QuantStudio5","DAAN","ORF1ab",0.001,"2","1","1",21.973,"2-1-1","1-1",1
"QuantStudio5","DAAN","ORF1ab",1e-04,"2","1","1",25.368,"2-1-1","1-1",1
"QuantStudio5","DAAN","ORF1ab",1e-05,"2","1","1",28.833,"2-1-1","1-1",1
"QuantStudio5","DAAN","ORF1ab",1e-06,"2","1","1",32.273,"2-1-1","1-1",1
"QuantStudio5","DAAN","ORF1ab",1e-07,"2","1","1",35.406,"2-1-1","1-1",1
"QuantStudio5","DAAN","ORF1ab",1e-08,"2","1","1",38.097,"2-1-1","1-1",1
"QuantStudio5","DAAN","N",1,"2","2","1",10.659,"2-2-1","2-1",1
"QuantStudio5","DAAN","N",0.1,"2","2","1",13.931,"2-2-1","2-1",1
"QuantStudio5","DAAN","N",0.01,"2","2","1",17.3,"2-2-1","2-1",1
"QuantStudio5","DAAN","N",0.001,"2","2","1",20.621,"2-2-1","2-1",1
"QuantStudio5","DAAN","N",1e-04,"2","2","1",22.996,"2-2-1","2-1",1
"QuantStudio5","DAAN","N",1e-05,"2","2","1",27.267,"2-2-1","2-1",1
"QuantStudio5","DAAN","N",1e-06,"2","2","1",30.541,"2-2-1","2-1",1
"QuantStudio5","DAAN","N",1e-07,"2","2","1",34.244,"2-2-1","2-1",1
"QuantStudio5","DAAN","N",1e-08,"2","2","1",37.223,"2-2-1","2-1",1
"QuantStudio5","DAAN","ORF1ab",1,"2","2","1",11.42,"2-2-1","2-1",1
"QuantStudio5","DAAN","ORF1ab",0.1,"2","2","1",14.881,"2-2-1","2-1",1
"QuantStudio5","DAAN","ORF1ab",0.01,"2","2","1",18.347,"2-2-1","2-1",1
"QuantStudio5","DAAN","ORF1ab",0.001,"2","2","1",21.802,"2-2-1","2-1",1
"QuantStudio5","DAAN","ORF1ab",1e-04,"2","2","1",24.638,"2-2-1","2-1",1
"QuantStudio5","DAAN","ORF1ab",1e-05,"2","2","1",28.75,"2-2-1","2-1",1
"QuantStudio5","DAAN","ORF1ab",1e-06,"2","2","1",32.194,"2-2-1","2-1",1
"QuantStudio5","DAAN","ORF1ab",1e-07,"2","2","1",35.528,"2-2-1","2-1",1
"QuantStudio5","DAAN","ORF1ab",1e-08,"2","2","1",40.392,"2-2-1","2-1",1
"QuantStudio5","DAAN","N",1,"2","3","1",11.837,"2-3-1","3-1",1
"QuantStudio5","DAAN","N",0.1,"2","3","1",15.211,"2-3-1","3-1",1
"QuantStudio5","DAAN","N",0.01,"2","3","1",18.506,"2-3-1","3-1",1
"QuantStudio5","DAAN","N",0.001,"2","3","1",21.778,"2-3-1","3-1",1
"QuantStudio5","DAAN","N",1e-04,"2","3","1",25.281,"2-3-1","3-1",1
"QuantStudio5","DAAN","N",1e-05,"2","3","1",28.489,"2-3-1","3-1",1
"QuantStudio5","DAAN","N",1e-06,"2","3","1",31.695,"2-3-1","3-1",1
"QuantStudio5","DAAN","N",1e-07,"2","3","1",34.606,"2-3-1","3-1",1
"QuantStudio5","DAAN","N",1e-08,"2","3","1",39.089,"2-3-1","3-1",1
"QuantStudio5","DAAN","ORF1ab",1,"2","3","1",12.656,"2-3-1","3-1",1
"QuantStudio5","DAAN","ORF1ab",0.1,"2","3","1",16.124,"2-3-1","3-1",1
"QuantStudio5","DAAN","ORF1ab",0.01,"2","3","1",19.537,"2-3-1","3-1",1
"QuantStudio5","DAAN","ORF1ab",0.001,"2","3","1",22.983,"2-3-1","3-1",1
"QuantStudio5","DAAN","ORF1ab",1e-04,"2","3","1",26.571,"2-3-1","3-1",1
"QuantStudio5","DAAN","ORF1ab",1e-05,"2","3","1",29.869,"2-3-1","3-1",1
"QuantStudio5","DAAN","ORF1ab",1e-06,"2","3","1",32.987,"2-3-1","3-1",1
"QuantStudio5","DAAN","ORF1ab",1e-07,"2","3","1",36.431,"2-3-1","3-1",1
"QuantStudio5","DAAN","ORF1ab",1e-08,"2","3","1",38.803,"2-3-1","3-1",1
"QuantStudio5","DAAN","N",1,"3","1","1",10.663,"3-1-1","1-1",1
"QuantStudio5","DAAN","N",0.1,"3","1","1",14.092,"3-1-1","1-1",1
"QuantStudio5","DAAN","N",0.01,"3","1","1",17.4,"3-1-1","1-1",1
"QuantStudio5","DAAN","N",0.001,"3","1","1",20.703,"3-1-1","1-1",1
"QuantStudio5","DAAN","N",1e-04,"3","1","1",23.958,"3-1-1","1-1",1
"QuantStudio5","DAAN","N",1e-05,"3","1","1",26.705,"3-1-1","1-1",1
"QuantStudio5","DAAN","N",1e-06,"3","1","1",30.515,"3-1-1","1-1",1
"QuantStudio5","DAAN","N",1e-07,"3","1","1",34.049,"3-1-1","1-1",1
"QuantStudio5","DAAN","N",1e-08,"3","1","1",37.067,"3-1-1","1-1",1
"QuantStudio5","DAAN","ORF1ab",1,"3","1","1",12.592,"3-1-1","1-1",1
"QuantStudio5","DAAN","ORF1ab",0.1,"3","1","1",16.484,"3-1-1","1-1",1
"QuantStudio5","DAAN","ORF1ab",0.01,"3","1","1",19.973,"3-1-1","1-1",1
"QuantStudio5","DAAN","ORF1ab",0.001,"3","1","1",23.587,"3-1-1","1-1",1
"QuantStudio5","DAAN","ORF1ab",1e-04,"3","1","1",26.99,"3-1-1","1-1",1
"QuantStudio5","DAAN","ORF1ab",1e-05,"3","1","1",29.993,"3-1-1","1-1",1
"QuantStudio5","DAAN","ORF1ab",1e-06,"3","1","1",33.895,"3-1-1","1-1",1
"QuantStudio5","DAAN","ORF1ab",1e-07,"3","1","1",37.505,"3-1-1","1-1",1
"QuantStudio5","DAAN","ORF1ab",1e-08,"3","1","1",40.907,"3-1-1","1-1",1
"QuantStudio5","DAAN","N",1,"3","2","1",10.543,"3-2-1","2-1",1
"QuantStudio5","DAAN","N",0.1,"3","2","1",13.913,"3-2-1","2-1",1
"QuantStudio5","DAAN","N",0.01,"3","2","1",17.349,"3-2-1","2-1",1
"QuantStudio5","DAAN","N",0.001,"3","2","1",20.804,"3-2-1","2-1",1
"QuantStudio5","DAAN","N",1e-04,"3","2","1",23.621,"3-2-1","2-1",1
"QuantStudio5","DAAN","N",1e-05,"3","2","1",27.308,"3-2-1","2-1",1
"QuantStudio5","DAAN","N",1e-06,"3","2","1",30.625,"3-2-1","2-1",1
"QuantStudio5","DAAN","N",1e-07,"3","2","1",33.489,"3-2-1","2-1",1
"QuantStudio5","DAAN","N",1e-08,"3","2","1",37.42,"3-2-1","2-1",1
"QuantStudio5","DAAN","ORF1ab",1,"3","2","1",12.502,"3-2-1","2-1",1
"QuantStudio5","DAAN","ORF1ab",0.1,"3","2","1",16.288,"3-2-1","2-1",1
"QuantStudio5","DAAN","ORF1ab",0.01,"3","2","1",19.97,"3-2-1","2-1",1
"QuantStudio5","DAAN","ORF1ab",0.001,"3","2","1",23.67,"3-2-1","2-1",1
"QuantStudio5","DAAN","ORF1ab",1e-04,"3","2","1",26.611,"3-2-1","2-1",1
"QuantStudio5","DAAN","ORF1ab",1e-05,"3","2","1",30.557,"3-2-1","2-1",1
"QuantStudio5","DAAN","ORF1ab",1e-06,"3","2","1",33.696,"3-2-1","2-1",1
"QuantStudio5","DAAN","ORF1ab",1e-07,"3","2","1",37.232,"3-2-1","2-1",1
"QuantStudio5","DAAN","ORF1ab",1e-08,"3","2","1",40.949,"3-2-1","2-1",1
"QuantStudio5","DAAN","N",1,"3","3","1",11.548,"3-3-1","3-1",1
"QuantStudio5","DAAN","N",0.1,"3","3","1",15.245,"3-3-1","3-1",1
"QuantStudio5","DAAN","N",0.01,"3","3","1",18.609,"3-3-1","3-1",1
"QuantStudio5","DAAN","N",0.001,"3","3","1",22.038,"3-3-1","3-1",1
"QuantStudio5","DAAN","N",1e-04,"3","3","1",25.006,"3-3-1","3-1",1
"QuantStudio5","DAAN","N",1e-05,"3","3","1",28.39,"3-3-1","3-1",1
"QuantStudio5","DAAN","N",1e-06,"3","3","1",31.618,"3-3-1","3-1",1
"QuantStudio5","DAAN","N",1e-07,"3","3","1",35.844,"3-3-1","3-1",1
"QuantStudio5","DAAN","N",1e-08,"3","3","1",NA,"3-3-1","3-1",1
"QuantStudio5","DAAN","ORF1ab",1,"3","3","1",11.548,"3-3-1","3-1",1
"QuantStudio5","DAAN","ORF1ab",0.1,"3","3","1",15.245,"3-3-1","3-1",1
"QuantStudio5","DAAN","ORF1ab",0.01,"3","3","1",18.609,"3-3-1","3-1",1
"QuantStudio5","DAAN","ORF1ab",0.001,"3","3","1",22.038,"3-3-1","3-1",1
"QuantStudio5","DAAN","ORF1ab",1e-04,"3","3","1",25.006,"3-3-1","3-1",1
"QuantStudio5","DAAN","ORF1ab",1e-05,"3","3","1",28.39,"3-3-1","3-1",1
"QuantStudio5","DAAN","ORF1ab",1e-06,"3","3","1",31.618,"3-3-1","3-1",1
"QuantStudio5","DAAN","ORF1ab",1e-07,"3","3","1",35.844,"3-3-1","3-1",1
"QuantStudio5","DAAN","ORF1ab",1e-08,"3","3","1",NA,"3-3-1","3-1",1
"QuantStudio5","Hong Kong","ORF1ab",1,"1","1","1",16.666,"1-1-1","1-1",1
"QuantStudio5","Hong Kong","ORF1ab",0.1,"1","1","1",18.297,"1-1-1","1-1",1
"QuantStudio5","Hong Kong","ORF1ab",0.01,"1","1","1",21.861,"1-1-1","1-1",1
"QuantStudio5","Hong Kong","ORF1ab",0.001,"1","1","1",26.398,"1-1-1","1-1",1
"QuantStudio5","Hong Kong","ORF1ab",1e-04,"1","1","1",30.59,"1-1-1","1-1",1
"QuantStudio5","Hong Kong","ORF1ab",1e-05,"1","1","1",34.832,"1-1-1","1-1",1
"QuantStudio5","Hong Kong","N",1,"1","1","1",17.106,"1-1-1","1-1",1
"QuantStudio5","Hong Kong","N",0.1,"1","1","1",20.925,"1-1-1","1-1",1
"QuantStudio5","Hong Kong","N",0.01,"1","1","1",24.263,"1-1-1","1-1",1
"QuantStudio5","Hong Kong","N",0.001,"1","1","1",28.235,"1-1-1","1-1",1
"QuantStudio5","Hong Kong","N",1e-04,"1","1","1",35.687,"1-1-1","1-1",1
"QuantStudio5","Hong Kong","N",1e-05,"1","1","1",37.101,"1-1-1","1-1",1
"QuantStudio5","Hong Kong","N",1e-06,"1","1","1",NA,"1-1-1","1-1",1
"QuantStudio5","Hong Kong","ORF1ab",1,"1","2","1",15.917,"1-2-1","2-1",1
"QuantStudio5","Hong Kong","ORF1ab",0.1,"1","2","1",18.141,"1-2-1","2-1",1
"QuantStudio5","Hong Kong","ORF1ab",0.01,"1","2","1",21.47,"1-2-1","2-1",1
"QuantStudio5","Hong Kong","ORF1ab",0.001,"1","2","1",25.102,"1-2-1","2-1",1
"QuantStudio5","Hong Kong","ORF1ab",1e-04,"1","2","1",32.395,"1-2-1","2-1",1
"QuantStudio5","Hong Kong","ORF1ab",1e-05,"1","2","1",36.74,"1-2-1","2-1",1
"QuantStudio5","Hong Kong","N",1,"1","2","1",14.958,"1-2-1","2-1",1
"QuantStudio5","Hong Kong","N",0.1,"1","2","1",18.769,"1-2-1","2-1",1
"QuantStudio5","Hong Kong","N",0.01,"1","2","1",23.088,"1-2-1","2-1",1
"QuantStudio5","Hong Kong","N",0.001,"1","2","1",28.077,"1-2-1","2-1",1
"QuantStudio5","Hong Kong","N",1e-04,"1","2","1",33.355,"1-2-1","2-1",1
"QuantStudio5","Hong Kong","N",1e-05,"1","2","1",38.874,"1-2-1","2-1",1
"QuantStudio5","Hong Kong","N",1e-06,"1","2","1",NA,"1-2-1","2-1",1
"QuantStudio5","Hong Kong","N",1e-07,"1","2","1",NA,"1-2-1","2-1",1
"QuantStudio5","Hong Kong","N",1e-08,"1","2","1",NA,"1-2-1","2-1",1
"QuantStudio5","Hong Kong","ORF1ab",1,"1","3","1",16.533,"1-3-1","3-1",1
"QuantStudio5","Hong Kong","ORF1ab",0.1,"1","3","1",19.633,"1-3-1","3-1",1
"QuantStudio5","Hong Kong","ORF1ab",0.01,"1","3","1",22.687,"1-3-1","3-1",1
"QuantStudio5","Hong Kong","ORF1ab",0.001,"1","3","1",28.233,"1-3-1","3-1",1
"QuantStudio5","Hong Kong","ORF1ab",1e-04,"1","3","1",33.914,"1-3-1","3-1",1
"QuantStudio5","Hong Kong","ORF1ab",1e-05,"1","3","1",37.374,"1-3-1","3-1",1
"QuantStudio5","Hong Kong","N",1,"1","3","1",16.161,"1-3-1","3-1",1
"QuantStudio5","Hong Kong","N",0.1,"1","3","1",19.275,"1-3-1","3-1",1
"QuantStudio5","Hong Kong","N",0.01,"1","3","1",24.601,"1-3-1","3-1",1
"QuantStudio5","Hong Kong","N",0.001,"1","3","1",28.905,"1-3-1","3-1",1
"QuantStudio5","Hong Kong","N",1e-04,"1","3","1",34.372,"1-3-1","3-1",1
"QuantStudio5","Hong Kong","N",1e-05,"1","3","1",NA,"1-3-1","3-1",1
"QuantStudio5","Hong Kong","N",1e-06,"1","3","1",NA,"1-3-1","3-1",1
"QuantStudio5","Hong Kong","N",1e-07,"1","3","1",NA,"1-3-1","3-1",1
"QuantStudio5","Hong Kong","N",1e-08,"1","3","1",NA,"1-3-1","3-1",1
"QuantStudio5","Hong Kong","ORF1ab",0.001,"2","1","1",NA,"2-1-1","1-1",1
"QuantStudio5","Hong Kong","ORF1ab",1e-04,"2","1","1",NA,"2-1-1","1-1",1
"QuantStudio5","Hong Kong","ORF1ab",1e-05,"2","1","1",NA,"2-1-1","1-1",1
"QuantStudio5","Hong Kong","N",1,"2","1","1",15.329,"2-1-1","1-1",1
"QuantStudio5","Hong Kong","N",0.1,"2","1","1",17.6,"2-1-1","1-1",1
"QuantStudio5","Hong Kong","N",0.01,"2","1","1",23.217,"2-1-1","1-1",1
"QuantStudio5","Hong Kong","N",0.001,"2","1","1",27.391,"2-1-1","1-1",1
"QuantStudio5","Hong Kong","N",1e-04,"2","1","1",34.791,"2-1-1","1-1",1
"QuantStudio5","Hong Kong","N",1e-05,"2","1","1",37.812,"2-1-1","1-1",1
"QuantStudio5","Hong Kong","N",1e-06,"2","1","1",NA,"2-1-1","1-1",1
"QuantStudio5","Hong Kong","ORF1ab",0.001,"2","2","1",NA,"2-2-1","2-1",1
"QuantStudio5","Hong Kong","ORF1ab",1e-04,"2","2","1",NA,"2-2-1","2-1",1
"QuantStudio5","Hong Kong","ORF1ab",1e-05,"2","2","1",NA,"2-2-1","2-1",1
"QuantStudio5","Hong Kong","N",0.1,"2","2","1",18.905,"2-2-1","2-1",1
"QuantStudio5","Hong Kong","N",0.01,"2","2","1",23.478,"2-2-1","2-1",1
"QuantStudio5","Hong Kong","N",0.001,"2","2","1",27.768,"2-2-1","2-1",1
"QuantStudio5","Hong Kong","N",1e-04,"2","2","1",33.564,"2-2-1","2-1",1
"QuantStudio5","Hong Kong","N",1e-05,"2","2","1",37.849,"2-2-1","2-1",1
"QuantStudio5","Hong Kong","N",1e-06,"2","2","1",NA,"2-2-1","2-1",1
"QuantStudio5","Hong Kong","N",1e-07,"2","2","1",NA,"2-2-1","2-1",1
"QuantStudio5","Hong Kong","N",1e-08,"2","2","1",NA,"2-2-1","2-1",1
"QuantStudio5","Hong Kong","ORF1ab",0.001,"2","3","1",NA,"2-3-1","3-1",1
"QuantStudio5","Hong Kong","ORF1ab",1e-04,"2","3","1",NA,"2-3-1","3-1",1
"QuantStudio5","Hong Kong","ORF1ab",1e-05,"2","3","1",NA,"2-3-1","3-1",1
"QuantStudio5","Hong Kong","N",1,"2","3","1",16.213,"2-3-1","3-1",1
"QuantStudio5","Hong Kong","N",0.1,"2","3","1",20.062,"2-3-1","3-1",1
"QuantStudio5","Hong Kong","N",0.01,"2","3","1",24.754,"2-3-1","3-1",1
"QuantStudio5","Hong Kong","N",0.001,"2","3","1",30.244,"2-3-1","3-1",1
"QuantStudio5","Hong Kong","N",1e-04,"2","3","1",34.613,"2-3-1","3-1",1
"QuantStudio5","Hong Kong","N",1e-05,"2","3","1",NA,"2-3-1","3-1",1
"QuantStudio5","Hong Kong","N",1e-06,"2","3","1",NA,"2-3-1","3-1",1
"QuantStudio5","Hong Kong","N",1e-07,"2","3","1",NA,"2-3-1","3-1",1
"QuantStudio5","Hong Kong","N",1e-08,"2","3","1",NA,"2-3-1","3-1",1
"QuantStudio5","Hong Kong","ORF1ab",0.001,"3","1","1",NA,"3-1-1","1-1",1
"QuantStudio5","Hong Kong","ORF1ab",1e-04,"3","1","1",NA,"3-1-1","1-1",1
"QuantStudio5","Hong Kong","ORF1ab",1e-05,"3","1","1",NA,"3-1-1","1-1",1
"QuantStudio5","Hong Kong","N",0.1,"3","1","1",19.487,"3-1-1","1-1",1
"QuantStudio5","Hong Kong","N",0.01,"3","1","1",23.532,"3-1-1","1-1",1
"QuantStudio5","Hong Kong","N",0.001,"3","1","1",28.356,"3-1-1","1-1",1
"QuantStudio5","Hong Kong","N",1e-04,"3","1","1",34.429,"3-1-1","1-1",1
"QuantStudio5","Hong Kong","N",1e-05,"3","1","1",NA,"3-1-1","1-1",1
"QuantStudio5","Hong Kong","N",1e-06,"3","1","1",NA,"3-1-1","1-1",1
"QuantStudio5","Hong Kong","ORF1ab",1,"3","2","1",14.217,"3-2-1","2-1",1
"QuantStudio5","Hong Kong","ORF1ab",0.1,"3","2","1",19.241,"3-2-1","2-1",1
"QuantStudio5","Hong Kong","ORF1ab",0.01,"3","2","1",22.366,"3-2-1","2-1",1
"QuantStudio5","Hong Kong","ORF1ab",0.001,"3","2","1",26.459,"3-2-1","2-1",1
"QuantStudio5","Hong Kong","ORF1ab",1e-04,"3","2","1",33.796,"3-2-1","2-1",1
"QuantStudio5","Hong Kong","ORF1ab",1e-05,"3","2","1",37.48,"3-2-1","2-1",1
"QuantStudio5","Hong Kong","N",1,"3","2","1",15.853,"3-2-1","2-1",1
"QuantStudio5","Hong Kong","N",0.1,"3","2","1",19.219,"3-2-1","2-1",1
"QuantStudio5","Hong Kong","N",0.01,"3","2","1",24.745,"3-2-1","2-1",1
"QuantStudio5","Hong Kong","N",0.001,"3","2","1",29.449,"3-2-1","2-1",1
"QuantStudio5","Hong Kong","N",1e-04,"3","2","1",34.413,"3-2-1","2-1",1
"QuantStudio5","Hong Kong","N",1e-05,"3","2","1",39.153,"3-2-1","2-1",1
"QuantStudio5","Hong Kong","N",1e-06,"3","2","1",NA,"3-2-1","2-1",1
"QuantStudio5","Hong Kong","N",1e-07,"3","2","1",NA,"3-2-1","2-1",1
"QuantStudio5","Hong Kong","N",1e-08,"3","2","1",NA,"3-2-1","2-1",1
"QuantStudio5","Hong Kong","ORF1ab",1,"3","3","1",14.963,"3-3-1","3-1",1
"QuantStudio5","Hong Kong","ORF1ab",0.1,"3","3","1",17.277,"3-3-1","3-1",1
"QuantStudio5","Hong Kong","ORF1ab",0.01,"3","3","1",22.373,"3-3-1","3-1",1
"QuantStudio5","Hong Kong","ORF1ab",0.001,"3","3","1",27.948,"3-3-1","3-1",1
"QuantStudio5","Hong Kong","ORF1ab",1e-04,"3","3","1",33.165,"3-3-1","3-1",1
"QuantStudio5","Hong Kong","ORF1ab",1e-05,"3","3","1",NA,"3-3-1","3-1",1
"QuantStudio5","Hong Kong","N",0.001,"3","3","1",29.052,"3-3-1","3-1",1
"QuantStudio5","Hong Kong","N",1e-04,"3","3","1",33.729,"3-3-1","3-1",1
"QuantStudio5","Hong Kong","N",1e-05,"3","3","1",38.254,"3-3-1","3-1",1
"QuantStudio5","Hong Kong","N",1e-06,"3","3","1",NA,"3-3-1","3-1",1
"QuantStudio5","Hong Kong","N",1e-07,"3","3","1",NA,"3-3-1","3-1",1
"QuantStudio5","Hong Kong","N",1e-08,"3","3","1",NA,"3-3-1","3-1",1
"QuantStudio5","Sarbecov","E",1,"1","1","1",11.799,"1-1-1","1-1",1
"QuantStudio5","Sarbecov","E",0.1,"1","1","1",14.39,"1-1-1","1-1",1
"QuantStudio5","Sarbecov","E",0.01,"1","1","1",18.465,"1-1-1","1-1",1
"QuantStudio5","Sarbecov","E",0.001,"1","1","1",20.188,"1-1-1","1-1",1
"QuantStudio5","Sarbecov","E",1e-04,"1","1","1",23.597,"1-1-1","1-1",1
"QuantStudio5","Sarbecov","E",1e-05,"1","1","1",27.013,"1-1-1","1-1",1
"QuantStudio5","Sarbecov","E",1e-06,"1","1","1",30.085,"1-1-1","1-1",1
"QuantStudio5","Sarbecov","E",1e-07,"1","1","1",35.436,"1-1-1","1-1",1
"QuantStudio5","Sarbecov","E",1e-08,"1","1","1",37.337,"1-1-1","1-1",1
"QuantStudio5","Sarbecov","E",1,"1","1","2",11.605,"1-1-2","1-2",1
"QuantStudio5","Sarbecov","E",0.1,"1","1","2",13.462,"1-1-2","1-2",1
"QuantStudio5","Sarbecov","E",0.01,"1","1","2",18.387,"1-1-2","1-2",1
"QuantStudio5","Sarbecov","E",0.001,"1","1","2",20.368,"1-1-2","1-2",1
"QuantStudio5","Sarbecov","E",1e-04,"1","1","2",24.125,"1-1-2","1-2",1
"QuantStudio5","Sarbecov","E",1e-05,"1","1","2",27.118,"1-1-2","1-2",1
"QuantStudio5","Sarbecov","E",1e-06,"1","1","2",30.031,"1-1-2","1-2",1
"QuantStudio5","Sarbecov","E",1e-07,"1","1","2",33.652,"1-1-2","1-2",1
"QuantStudio5","Sarbecov","E",1e-08,"1","1","2",36.634,"1-1-2","1-2",1
"QuantStudio5","Sarbecov","E",1,"1","1","3",12.706,"1-1-3","1-3",1
"QuantStudio5","Sarbecov","E",0.1,"1","1","3",16.056,"1-1-3","1-3",1
"QuantStudio5","Sarbecov","E",0.01,"1","1","3",19.563,"1-1-3","1-3",1
"QuantStudio5","Sarbecov","E",0.001,"1","1","3",22.406,"1-1-3","1-3",1
"QuantStudio5","Sarbecov","E",1e-04,"1","1","3",26.071,"1-1-3","1-3",1
"QuantStudio5","Sarbecov","E",1e-05,"1","1","3",29.548,"1-1-3","1-3",1
"QuantStudio5","Sarbecov","E",1e-06,"1","1","3",32.285,"1-1-3","1-3",1
"QuantStudio5","Sarbecov","E",1e-07,"1","1","3",36.437,"1-1-3","1-3",1
"QuantStudio5","Sarbecov","E",1,"1","2","1",11.422,"1-2-1","2-1",1
"QuantStudio5","Sarbecov","E",0.1,"1","2","1",15.08,"1-2-1","2-1",1
"QuantStudio5","Sarbecov","E",0.01,"1","2","1",17.015,"1-2-1","2-1",1
"QuantStudio5","Sarbecov","E",0.001,"1","2","1",21.708,"1-2-1","2-1",1
"QuantStudio5","Sarbecov","E",1e-04,"1","2","1",24.87,"1-2-1","2-1",1
"QuantStudio5","Sarbecov","E",1e-07,"1","2","1",34.106,"1-2-1","2-1",1
"QuantStudio5","Sarbecov","E",1e-08,"1","2","1",37.953,"1-2-1","2-1",1
"QuantStudio5","Sarbecov","E",1,"1","2","2",10.826,"1-2-2","2-2",1
"QuantStudio5","Sarbecov","E",0.1,"1","2","2",15.405,"1-2-2","2-2",1
"QuantStudio5","Sarbecov","E",0.01,"1","2","2",18.153,"1-2-2","2-2",1
"QuantStudio5","Sarbecov","E",0.001,"1","2","2",20.584,"1-2-2","2-2",1
"QuantStudio5","Sarbecov","E",1e-04,"1","2","2",23.345,"1-2-2","2-2",1
"QuantStudio5","Sarbecov","E",1e-05,"1","2","2",26.827,"1-2-2","2-2",1
"QuantStudio5","Sarbecov","E",1e-06,"1","2","2",30.566,"1-2-2","2-2",1
"QuantStudio5","Sarbecov","E",1e-07,"1","2","2",33.238,"1-2-2","2-2",1
"QuantStudio5","Sarbecov","E",1e-08,"1","2","2",36.422,"1-2-2","2-2",1
"QuantStudio5","Sarbecov","E",1,"1","2","3",13.472,"1-2-3","2-3",1
"QuantStudio5","Sarbecov","E",0.1,"1","2","3",15.744,"1-2-3","2-3",1
"QuantStudio5","Sarbecov","E",0.01,"1","2","3",19.332,"1-2-3","2-3",1
"QuantStudio5","Sarbecov","E",0.001,"1","2","3",22.703,"1-2-3","2-3",1
"QuantStudio5","Sarbecov","E",1e-04,"1","2","3",26.173,"1-2-3","2-3",1
"QuantStudio5","Sarbecov","E",1e-05,"1","2","3",29.363,"1-2-3","2-3",1
"QuantStudio5","Sarbecov","E",1e-06,"1","2","3",34.373,"1-2-3","2-3",1
"QuantStudio5","Sarbecov","E",1e-07,"1","2","3",36.125,"1-2-3","2-3",1
"QuantStudio5","Sarbecov","E",1,"1","3","1",12.307,"1-3-1","3-1",1
"QuantStudio5","Sarbecov","E",0.1,"1","3","1",16.969,"1-3-1","3-1",1
"QuantStudio5","Sarbecov","E",0.01,"1","3","1",20.276,"1-3-1","3-1",1
"QuantStudio5","Sarbecov","E",0.001,"1","3","1",23.887,"1-3-1","3-1",1
"QuantStudio5","Sarbecov","E",1e-04,"1","3","1",25.022,"1-3-1","3-1",1
"QuantStudio5","Sarbecov","E",1e-05,"1","3","1",29.596,"1-3-1","3-1",1
"QuantStudio5","Sarbecov","E",1e-06,"1","3","1",31.127,"1-3-1","3-1",1
"QuantStudio5","Sarbecov","E",1e-07,"1","3","1",34.386,"1-3-1","3-1",1
"QuantStudio5","Sarbecov","E",1e-08,"1","3","1",36.392,"1-3-1","3-1",1
"QuantStudio5","Sarbecov","E",1,"1","3","2",11.528,"1-3-2","3-2",1
"QuantStudio5","Sarbecov","E",0.1,"1","3","2",14.531,"1-3-2","3-2",1
"QuantStudio5","Sarbecov","E",0.01,"1","3","2",18.402,"1-3-2","3-2",1
"QuantStudio5","Sarbecov","E",0.001,"1","3","2",21.607,"1-3-2","3-2",1
"QuantStudio5","Sarbecov","E",1e-04,"1","3","2",25.029,"1-3-2","3-2",1
"QuantStudio5","Sarbecov","E",1e-05,"1","3","2",28.444,"1-3-2","3-2",1
"QuantStudio5","Sarbecov","E",1e-06,"1","3","2",31.059,"1-3-2","3-2",1
"QuantStudio5","Sarbecov","E",1e-07,"1","3","2",34.393,"1-3-2","3-2",1
"QuantStudio5","Sarbecov","E",1e-08,"1","3","2",36.566,"1-3-2","3-2",1
"QuantStudio5","Sarbecov","E",1,"1","3","3",13.705,"1-3-3","3-3",1
"QuantStudio5","Sarbecov","E",0.1,"1","3","3",17.437,"1-3-3","3-3",1
"QuantStudio5","Sarbecov","E",0.01,"1","3","3",20.823,"1-3-3","3-3",1
"QuantStudio5","Sarbecov","E",0.001,"1","3","3",23.986,"1-3-3","3-3",1
"QuantStudio5","Sarbecov","E",1e-04,"1","3","3",27.173,"1-3-3","3-3",1
"QuantStudio5","Sarbecov","E",1e-05,"1","3","3",31.046,"1-3-3","3-3",1
"QuantStudio5","Sarbecov","E",1e-06,"1","3","3",34.091,"1-3-3","3-3",1
"QuantStudio5","Sarbecov","E",1e-07,"1","3","3",36.423,"1-3-3","3-3",1
"QuantStudio5","Sarbecov","E",1e-08,"1","3","3",NA,"1-3-3","3-3",1
"GeneXpert","GeneXpert","E",1,"1","1","1",10.4,"1-1-1","1-1",1
"GeneXpert","GeneXpert","E",0.1,"1","1","1",13.3,"1-1-1","1-1",1
"GeneXpert","GeneXpert","E",0.01,"1","1","1",16.8,"1-1-1","1-1",1
"GeneXpert","GeneXpert","E",0.001,"1","1","1",20.1,"1-1-1","1-1",1
"GeneXpert","GeneXpert","E",1e-04,"1","1","1",26.1,"1-1-1","1-1",1
"GeneXpert","GeneXpert","E",1e-05,"1","1","1",27.1,"1-1-1","1-1",1
"GeneXpert","GeneXpert","E",1e-06,"1","1","1",30.3,"1-1-1","1-1",1
"GeneXpert","GeneXpert","E",1e-07,"1","1","1",33,"1-1-1","1-1",1
"GeneXpert","GeneXpert","E",1e-08,"1","1","1",36.6,"1-1-1","1-1",1
"GeneXpert","GeneXpert","N",1,"1","1","1",12.7,"1-1-1","1-1",1
"GeneXpert","GeneXpert","N",0.1,"1","1","1",16.2,"1-1-1","1-1",1
"GeneXpert","GeneXpert","N",0.01,"1","1","1",19.6,"1-1-1","1-1",1
"GeneXpert","GeneXpert","N",0.001,"1","1","1",22.8,"1-1-1","1-1",1
"GeneXpert","GeneXpert","N",1e-05,"1","1","1",29.9,"1-1-1","1-1",1
"GeneXpert","GeneXpert","N",1e-06,"1","1","1",33.6,"1-1-1","1-1",1
"GeneXpert","GeneXpert","N",1e-07,"1","1","1",36.6,"1-1-1","1-1",1
"GeneXpert","GeneXpert","N",1e-08,"1","1","1",39.8,"1-1-1","1-1",1
"GeneXpert","GeneXpert","E",1,"1","2","1",10.1,"1-2-1","2-1",1
"GeneXpert","GeneXpert","E",0.1,"1","2","1",13,"1-2-1","2-1",1
"GeneXpert","GeneXpert","E",0.01,"1","2","1",15.8,"1-2-1","2-1",1
"GeneXpert","GeneXpert","E",0.001,"1","2","1",19.4,"1-2-1","2-1",1
"GeneXpert","GeneXpert","E",1e-04,"1","2","1",23.3,"1-2-1","2-1",1
"GeneXpert","GeneXpert","E",1e-05,"1","2","1",26.2,"1-2-1","2-1",1
"GeneXpert","GeneXpert","E",1e-06,"1","2","1",29.3,"1-2-1","2-1",1
"GeneXpert","GeneXpert","E",1e-07,"1","2","1",33,"1-2-1","2-1",1
"GeneXpert","GeneXpert","E",1e-08,"1","2","1",36.5,"1-2-1","2-1",1
"GeneXpert","GeneXpert","N",1,"1","2","1",12.3,"1-2-1","2-1",1
"GeneXpert","GeneXpert","N",0.1,"1","2","1",15.7,"1-2-1","2-1",1
"GeneXpert","GeneXpert","N",0.01,"1","2","1",18.6,"1-2-1","2-1",1
"GeneXpert","GeneXpert","N",0.001,"1","2","1",22.3,"1-2-1","2-1",1
"GeneXpert","GeneXpert","N",1e-04,"1","2","1",26,"1-2-1","2-1",1
"GeneXpert","GeneXpert","N",1e-05,"1","2","1",29.1,"1-2-1","2-1",1
"GeneXpert","GeneXpert","N",1e-06,"1","2","1",32.4,"1-2-1","2-1",1
"GeneXpert","GeneXpert","N",1e-07,"1","2","1",36.7,"1-2-1","2-1",1
"GeneXpert","GeneXpert","N",1e-08,"1","2","1",39,"1-2-1","2-1",1
"GeneXpert","GeneXpert","E",1,"1","3","1",11,"1-3-1","3-1",1
"GeneXpert","GeneXpert","E",0.1,"1","3","1",14.3,"1-3-1","3-1",1
"GeneXpert","GeneXpert","E",0.01,"1","3","1",17.6,"1-3-1","3-1",1
"GeneXpert","GeneXpert","E",0.001,"1","3","1",21.2,"1-3-1","3-1",1
"GeneXpert","GeneXpert","E",1e-04,"1","3","1",24.5,"1-3-1","3-1",1
"GeneXpert","GeneXpert","E",1e-05,"1","3","1",28.3,"1-3-1","3-1",1
"GeneXpert","GeneXpert","E",1e-06,"1","3","1",31.1,"1-3-1","3-1",1
"GeneXpert","GeneXpert","E",1e-07,"1","3","1",34.7,"1-3-1","3-1",1
"GeneXpert","GeneXpert","E",1e-08,"1","3","1",36.8,"1-3-1","3-1",1
"GeneXpert","GeneXpert","N",1,"1","3","1",13.5,"1-3-1","3-1",1
"GeneXpert","GeneXpert","N",0.1,"1","3","1",17.2,"1-3-1","3-1",1
"GeneXpert","GeneXpert","N",0.01,"1","3","1",20.4,"1-3-1","3-1",1
"GeneXpert","GeneXpert","N",0.001,"1","3","1",23.8,"1-3-1","3-1",1
"GeneXpert","GeneXpert","N",1e-04,"1","3","1",27.4,"1-3-1","3-1",1
"GeneXpert","GeneXpert","N",1e-05,"1","3","1",30.9,"1-3-1","3-1",1
"GeneXpert","GeneXpert","N",1e-06,"1","3","1",34.3,"1-3-1","3-1",1
"GeneXpert","GeneXpert","N",1e-07,"1","3","1",38.1,"1-3-1","3-1",1
"GeneXpert","GeneXpert","N",1e-08,"1","3","1",40.5,"1-3-1","3-1",1
